2015,1,1,1.4,4.3,-1.8,15,5.6,4,9.7,2,17.4,332,2,1
2015,1,2,0.8,3.4,-1.3,2.5,3.1,3.4,7.6,2,14.2,232,232,1
2015,1,3,1.7,5.1,-0.6,2,7.8,2.2,4.8,2,9,2,2,1
2015,1,4,4,9,-0.9,0,5,1.3,3,32,6,32,32,1
2015,1,5,5.9,10,3.1,0,5.1,1.3,3.7,242,6.2,242,242,0
2015,1,6,5.5,8.2,2.9,11.5,0,1.5,5,242,8.9,242,242,1
2015,1,7,4.3,6.6,2.5,0,5,4.1,6.8,242,11.1,242,2,0
2015,1,8,3.8,6,2.1,0,3.2,3.3,5.5,242,8.8,2,2,0
2015,1,9,4.7,7.1,3.3,0,3.7,2.3,5.4,2,9.1,2,2,1
2015,1,10,4.4,7.4,2.4,0,0.7,1.9,5.5,242,9.5,2,32,0
2015,1,11,5,9.6,2.1,0,5,2.9,5.8,2,11.4,32,232,0
2015,1,12,3.1,5,0.8,0.5,4.2,2.3,6.5,242,10.4,242,242,0
2015,1,13,4.5,8.3,0.1,0,3,2.1,4.7,42,7.5,2,2,0
2015,1,14,2.9,5.9,-1.3,0,0.9,1,2.2,42,3.4,3,42,0
2015,1,15,5.7,7.8,4.2,30,0,1.4,6.1,242,9.4,242,242,0
2015,1,16,6.5,8.8,3.5,0,0.7,1.9,4.3,2,7.4,2,2,0
2015,1,17,4.2,7.2,1.8,0.5,3.7,4.1,10,2,15.4,2,2,1
2015,1,18,3.8,7.4,0.9,0,4.1,1.9,3.4,242,7,32,2,0
2015,1,19,5.6,9.9,1,0,8.2,3.5,9.4,2,15.2,2,2,0
2015,1,20,4.5,7.5,0.7,0,0.8,1.6,6.1,242,10.2,2,2,0
2015,1,21,3.1,6.3,-0.8,0,0.8,1.1,2.7,42,4.5,42,42,0
2015,1,22,6.9,8.2,4.7,21,0,1,3.1,2,5.6,41,442,0
2015,1,23,5.8,8.5,4.1,2.5,0.8,3.2,5.8,242,9.5,242,242,0
2015,1,24,6.3,10.1,3.5,0,7,1.8,5.6,2,8.3,2,232,0
2015,1,25,6.5,10.6,3.3,0,5.6,1.2,2.6,42,4.4,32,331,0
2015,1,26,6.1,9,2.9,28.5,0.3,1,2.2,41,3.9,41,441,0
2015,1,27,8.5,11.7,3.8,2,1,2.1,5.5,42,13.2,442,42,1
2015,1,28,2,4.6,0,0,2.9,2,4.4,41,7.5,41,141,0
2015,1,29,2.7,5.1,0.3,0,1.2,1.3,3,141,5.5,141,331,0
2015,1,30,4.1,5.8,1.9,10,0,1.3,4.6,2,7.6,2,2,0
2015,1,31,2.4,5.1,0,1,2.7,2.6,6.1,42,11.4,242,42,0
2015,2,1,2.2,5.5,-0.2,0.5,2.9,3.1,5.8,2,8.5,2,2,0
2015,2,2,3.2,4.6,2.4,0,0.2,2.2,4.5,2,7.4,2,242,0
2015,2,3,3.9,5.5,2.2,0,0,1.6,3.7,242,6.6,2,2,0
2015,2,4,4.9,8.3,2.9,0,4.6,1.1,2.7,42,4.7,4,31,0
2015,2,5,4.4,7.7,2.4,0,0.8,1.4,4.2,242,7.5,2,2,0
2015,2,6,4.6,7.6,2.4,0.5,3.7,2.6,5.5,42,9.2,441,42,0
2015,2,7,4.3,9.6,-0.6,0,8.1,1.4,3,42,5,42,331,0
2015,2,8,4.1,9.6,0.3,3.5,2.2,2.4,8.2,242,11.8,242,242,1
2015,2,9,0.8,3.2,-0.9,0,5.9,4.7,7.7,2,12.5,2,2,0
2015,2,10,3.4,7.2,-0.5,0,5.5,3.5,6.5,232,15.3,2,232,1
2015,2,11,6.5,11.4,2,0,4.8,1.7,5.1,2,10.8,232,232,0
2015,2,12,5.6,10.8,0.3,0.5,3.6,2.5,7.9,242,13.6,2,232,0
2015,2,13,2.4,5.4,0.2,0,4.5,4.4,8.6,242,14.3,42,2,0
2015,2,14,3.6,8.8,0,0,7.4,2.5,5.4,2,10,242,2,0
2015,2,15,5.2,8.2,2.4,0,1.2,2.8,5.1,42,9.5,42,42,0
2015,2,16,4.6,10.7,-0.7,0,9.7,1.5,3.9,42,6.3,42,331,0
2015,2,17,5,6.4,3.4,7.5,0,1.1,2.3,141,4.4,442,41,0
2015,2,18,5.5,8.6,3.6,2,2.4,2.7,5.8,242,11.7,2,2,0
2015,2,19,4.6,8,3.2,1.5,4.3,2.6,4.9,442,11.3,441,2,0
2015,2,20,4.1,7.8,0.5,0,2.4,2.6,5,2,7.6,242,242,0
2015,2,21,5.3,12.5,-1.4,0,9.4,1.6,3.7,31,6.6,31,331,0
2015,2,22,9.5,12.6,7.1,4,0.1,1,3.2,42,5.2,42,242,0
2015,2,23,10.3,13.8,8.5,0,1,1.2,3.1,131,5.5,41,1,0
2015,2,24,7.7,12.5,3.7,0,6,1.3,3.8,41,6.5,141,331,0
2015,2,25,7.1,12.3,2.3,0,4.7,1.6,3.3,242,5.8,41,331,0
2015,2,26,7.6,9.5,6,14.5,0,1,3.3,232,6.5,32,41,0
2015,2,27,5.7,9.3,2.7,0,6.1,4.4,7.2,242,12,42,242,0
2015,2,28,5.5,10.2,2.4,0,6.8,1.9,4.6,242,7.4,2,242,0
2015,3,1,6.5,9.4,4.1,31.5,0,2,6.8,2,10.8,232,2,1
2015,3,2,6.2,10.5,1.6,0,5.2,2.1,5.4,242,9.2,242,242,0
2015,3,3,4.7,8.5,0,11,0.4,1.4,3.7,1,6.8,1,442,0
2015,3,4,8.5,13.1,4.8,7,6.1,2.9,6.5,2,13,2,232,1
2015,3,5,4.6,7.7,3.3,0,2.4,2.6,5.1,242,7.9,242,2,0
2015,3,6,5.9,10.1,1.3,0,7.8,1.6,3.5,42,6.1,4,42,0
2015,3,7,6.7,9.1,5.2,21,0,1,3,42,5.7,42,441,0
2015,3,8,8.8,13.1,6.1,0.5,3.8,1.2,3.2,42,5.5,42,331,0
2015,3,9,7.6,10.6,5,19.5,0,1.5,6.3,242,11.2,242,41,0
2015,3,10,3.8,7.1,-0.2,0,5.9,5.3,11,242,17.9,2,2,0
2015,3,11,2.5,5.9,-0.9,0,7.8,3.7,6.8,232,14,32,232,0
2015,3,12,6.2,10.3,2,0,6.1,3.6,6.7,2,12.6,232,2,0
2015,3,13,7,12.9,0,0,10.1,2.8,5.4,2,10.7,32,32,0
2015,3,14,4.9,8.8,1.5,8,1.7,1.4,4.9,2,8.1,41,441,0
2015,3,15,6,8.9,1.2,0,1.6,0.8,2.5,42,3.8,442,4,0
2015,3,16,10.7,16.3,6.7,0,3.7,1.1,3.2,442,5.8,4,242,0
2015,3,17,13.1,21.4,6.4,0,7,1.4,3.7,232,6.1,32,3,1
2015,3,18,13.2,20.2,9.4,37.5,3.1,1.3,3.8,242,6.4,242,242,0
2015,3,19,13.3,15.1,11.1,20.5,0,0.8,2.5,42,5.2,441,242,1
2015,3,20,12.2,17,7.4,0,8.4,1.9,4.5,141,7.4,141,141,0
2015,3,21,10.4,16.8,5.1,0,8.4,1.6,3.2,42,5.5,42,331,0
2015,3,22,12.2,20.3,6.1,0,9.2,1.8,6.6,242,10.9,242,331,0
2015,3,23,6.7,9.7,4,0,6,3.1,7.2,42,13,42,42,0
2015,3,24,4.8,8.8,2.2,0,4.2,2.9,9.3,242,14,242,242,0
2015,3,25,5.4,9.8,1.8,0,6.2,3,6.3,2,12.4,4,242,0
2015,3,26,6.9,14.6,0.7,0,11.7,1.8,3.7,41,6,41,331,0
2015,3,27,9.7,18.5,0.7,0,11.4,1.7,3.7,32,7.5,32,331,0
2015,3,28,12.9,20.8,6.1,0,9.9,1.9,4.3,232,9.9,3,331,0
2015,3,29,10.7,12.6,8.2,4.5,0.1,1,3.3,42,4.7,41,3,0
2015,3,30,11.5,18.9,5.6,0,11.2,1.6,3.4,42,5,242,31,0
2015,3,31,14.4,23,6,0,11.2,1.8,4.6,232,9.5,232,331,0
2015,4,1,15.1,17,12.2,5.5,0,2,4.8,232,9.7,32,331,0
2015,4,2,13.3,20.1,7.7,0,9.1,2.8,6.6,31,12.4,1,1,0
2015,4,3,15.1,19.8,12.9,10.5,0.6,1.8,4.5,1,8.5,32,1,0
2015,4,4,15.8,19.6,12.4,1,3.9,2,4.1,42,7.1,1,1,0
2015,4,5,13.5,14.9,12.7,29,0,1.6,3.4,141,6.5,442,41,0
2015,4,6,13.1,14.8,10,10,0,1.1,3,1,5.3,1,1,0
2015,4,7,9.2,10,8,5,0,1.9,4.2,442,8,442,442,0
2015,4,8,6.9,10.8,4,4,5.1,1.8,4,141,7.7,242,242,0
2015,4,9,9.2,13.5,3.6,0,3.4,1.8,4.3,42,7.7,31,42,0
2015,4,10,10,10.9,9.2,15,0,1.8,3.4,1,6.3,1,141,0
2015,4,11,11.6,16,7.4,3,5.2,1.6,4.3,42,8.7,4,331,0
2015,4,12,12,19.1,5.4,0,6.2,2.1,5.2,1,8.8,1,331,0
2015,4,13,12.7,14.4,10.8,12.5,0,2.5,4.9,141,9.3,1,141,0
2015,4,14,14,16.1,12.8,11,0,1.4,3.3,32,8,32,442,0
2015,4,15,11.3,15.5,8.6,9,3,2.2,5.7,232,13.4,32,2,0
2015,4,16,15.4,20.8,9.5,0,8.1,1.9,3.9,32,8.5,32,32,0
2015,4,17,12.8,18.1,7.1,6,7.7,1.7,4.7,141,9.6,441,1,0
2015,4,18,13.7,22.1,4.8,0,10.7,1.9,5,232,9.8,32,232,0
2015,4,19,13.7,15.8,11.6,2.5,0.3,1.2,3.3,42,4.5,242,242,0
2015,4,20,16,19.3,11.8,30,0,1.4,4.8,141,8.5,41,141,0
2015,4,21,12.5,17.4,8.8,4.5,3.9,1.7,3.5,141,6.8,42,1,0
2015,4,22,15.1,21.6,8.5,0,8.7,1.7,3.8,42,6.1,131,442,0
2015,4,23,16.7,23.7,10.6,0,11,1.2,2.9,442,5.5,442,242,0
2015,4,24,17.5,24.9,10.3,0,10.2,1.8,4.2,32,9.3,232,32,0
2015,4,25,16,22.9,9.7,0,12.3,2.1,5.9,141,10.1,41,331,0
2015,4,26,17,25.1,8,0,12.5,2,4,232,8.9,2,331,0
2015,4,27,19.8,27.3,12.1,0,12.4,1.8,4.4,32,8.1,332,331,0
2015,4,28,19.8,26.2,14.4,0,6.3,1.5,3.7,2,7.1,32,3,0
2015,4,29,20,25.8,16.4,0,7.2,2,5.5,31,9,3,31,0
2015,4,30,19.3,26.4,12.9,0,12.8,2,5.1,31,9.3,3,42,0
2015,5,1,20.1,26.7,13.5,0,12.1,1.8,3.8,42,6.4,41,331,0
2015,5,2,21.1,30,14.5,0,12.6,2,5.5,31,9.5,31,331,0
2015,5,3,20.7,25.7,16.3,0,4.6,2,4.5,131,8,31,131,0
2015,5,4,18.2,20.4,14.8,14,0,1.5,4.6,4,9.4,41,42,1
2015,5,5,17.1,23.6,11.8,0,11.5,1.8,3.9,141,7.9,41,331,0
2015,5,6,18.8,25.5,11.7,0,9.2,1.7,3.9,2,6.8,2,331,0
2015,5,7,20.3,25.2,17,0,3.4,1.6,3.5,441,6.6,441,2,0
2015,5,8,20.4,26.4,14.8,0,11.8,1.7,3.8,42,6.5,442,42,0
2015,5,9,17.7,20.4,13.9,0,0.7,1.1,2.2,42,4.8,4,331,0
2015,5,10,16.7,23.4,12,0,12.4,2.3,5.8,41,10.2,442,442,0
2015,5,11,16.7,25.2,9.2,0,10.2,2.8,6.9,1,11.5,31,31,0
2015,5,12,18.1,22,14.9,32.5,0,2.1,5,31,9,31,1,0
2015,5,13,19.6,24.9,13.7,0,12.8,3.4,5.8,232,14,32,232,0
2015,5,14,20.2,27.2,14.8,0,7.3,2.3,6,232,12,32,331,0
2015,5,15,22.7,29.4,16.5,3,7.2,1.5,3.9,2,8,2,32,0
2015,5,16,18.9,22.6,15.4,28.5,0,1.6,3.6,242,6,242,1,0
2015,5,17,18.9,25.5,12.3,0,10.6,1.5,3.4,42,5.3,42,331,0
2015,5,18,18.7,25.2,13.3,8.5,2.7,2.1,5.6,131,9.3,131,131,0
2015,5,19,18.3,22.5,14.9,22.5,2.7,1.4,3.2,442,7.2,4,442,0
2015,5,20,17.4,25.4,12.7,7,7.6,2.3,5.8,141,10.4,141,42,1
2015,5,21,17.5,23.4,12.2,0,12.9,2.4,4.4,2,7.2,41,41,0
2015,5,22,19.5,27,11.2,0,9.8,1.7,3.5,232,7.3,232,331,0
2015,5,23,19.7,24.7,14.8,0,0.1,1.2,2.5,42,3.9,42,331,0
2015,5,24,21.5,27.1,17.3,0,8.7,1.8,3.5,4,6.7,4,331,0
2015,5,25,21.4,28.5,15,0,10.1,2.2,6,31,11.1,31,331,0
2015,5,26,22.8,30,16.6,0,13,1.7,3.8,41,6.7,41,331,0
2015,5,27,22.6,31,14.2,0,12.8,1.7,3.3,42,4.8,4,42,0
2015,5,28,22.5,28.1,16.7,0,7.5,2.5,5.5,131,9.3,141,131,0
2015,5,29,23.6,30.3,20.1,0,6.1,1.9,3.8,42,7.2,1,141,0
2015,5,30,24.5,31.6,20,0,9.3,2.1,4.2,141,7.6,332,232,0
2015,5,31,22.1,27,18.6,0,7.4,1.9,3.7,41,7.6,4,41,0
2015,6,1,22.6,29.8,15.8,0,10.2,2.1,4.4,131,7.5,31,31,0
2015,6,2,23.9,29.2,19.1,0,4.5,1.7,3.7,42,6.7,32,131,0
2015,6,3,21.1,23.1,18.4,56.5,0,1.8,3.6,242,7.7,42,4,1
2015,6,4,19.6,25,13.5,0,13.3,2.3,4.6,442,10.5,4,4,0
2015,6,5,15.2,17.7,13.2,25,0,1.6,3.8,41,7.3,441,41,0
2015,6,6,17.5,22.6,13.6,3,5.4,1.9,4,42,6.9,32,42,0
2015,6,7,19.4,25.3,13.1,0,2.8,2.1,4.9,131,8.6,1,131,0
2015,6,8,19.3,22.5,17.1,11.5,0,2.5,5.4,131,10.4,131,1,0
2015,6,9,19.5,22.7,17.6,27,0,1.1,4.4,1,7.9,1,4,0
2015,6,10,22.2,28.9,16,0,10.8,1.3,2.4,242,4.6,141,331,0
2015,6,11,20.2,24.5,18.1,13.5,0,1.4,4.1,1,7.1,1,141,0
2015,6,12,23,29.8,18.7,14,5.8,1.5,4.2,32,9,332,1,1
2015,6,13,24.4,31.4,18,0,7.1,1.6,3.7,2,7.9,232,331,0
2015,6,14,23.8,27.8,21.3,0,1.3,1.5,3.4,131,6.8,1,3,0
2015,6,15,24.8,30,20.6,0,7.2,1.4,2.8,232,5.8,32,331,0
2015,6,16,22.8,25.8,20.3,0,0.4,1.1,3.3,41,6,441,331,0
2015,6,17,23.2,30.1,19.1,21,8.1,1.7,4.6,141,9.4,1,331,0
2015,6,18,20.6,22.8,18.4,3.5,0,2.9,5.9,131,13.1,1,1,0
2015,6,19,19.4,21.8,17.4,8.5,0,1.7,3.9,41,7.6,31,41,0
2015,6,20,22.2,25.7,18.5,2,5.4,1.6,3.9,42,6.1,42,42,0
2015,6,21,21.6,26.8,18.5,11,4.2,1.5,3.9,442,9,4,4,0
2015,6,22,22.8,26.7,18,0,3.4,1.3,2.5,42,4.4,332,31,0
2015,6,23,24,30,20.3,0,8.4,1.5,4.5,442,9.6,442,42,0
2015,6,24,24.5,30.1,20.1,0,7.9,1.9,4.2,42,6.6,42,42,0
2015,6,25,25.2,29.7,21.4,0,7,2.5,5.1,1,9.9,31,1,0
2015,6,26,21.4,23.2,20.4,60.5,0,1.7,3.5,131,6.9,141,4,0
2015,6,27,22.8,25.3,20.6,0,1.1,3,5.6,242,11.2,232,232,0
2015,6,28,20.7,23.9,19.1,0,3.5,2.8,5.2,442,10.5,442,242,0
2015,6,29,21.9,27.9,16.6,0,9.2,2.3,4.2,42,8.1,42,131,0
2015,6,30,21.8,26.9,18.7,15,0.8,1.7,4.7,131,7.8,31,31,0
2015,7,1,21.4,26.1,18.4,57.5,0,1.8,6.2,232,14.9,32,441,0
2015,7,2,24.3,29.7,20.3,0,3.1,1.4,3.3,232,7.5,331,331,0
2015,7,3,23.7,28.2,20.1,7,3.6,1.2,3.4,42,4.6,242,331,0
2015,7,4,22.1,23.9,19.5,9.5,0,1.2,2.5,32,5.1,332,331,0
2015,7,5,21.8,25.8,19.2,0.5,0.9,1.3,2.7,141,5.1,441,1,0
2015,7,6,21.5,22.6,20.4,2,0,1.1,2.2,442,4.1,42,1,0
2015,7,7,21.5,22.7,20.3,13,0,1,2.3,42,4.4,4,441,0
2015,7,8,23.4,26.8,20.9,0.5,0.1,1.2,3.1,42,5,42,441,0
2015,7,9,24.8,28.7,22.8,2,0.5,1.3,3.9,42,7.6,42,42,0
2015,7,10,26.6,31.3,23,0,8.5,1.7,4.3,42,6.6,42,42,0
2015,7,11,27.5,32.8,24.6,0,4.4,1.5,3.1,232,6.4,32,331,0
2015,7,12,28.3,33.7,23.6,0,6.7,1.5,3.4,2,6,2,331,0
2015,7,13,29.7,34.8,25.2,0,6.3,2.2,5,32,12.2,32,332,0
2015,7,14,29.6,34.9,24.1,0,11.9,1.9,4.3,131,8.6,232,3,0
2015,7,15,28.4,33.5,24.4,0,9,2.8,5.6,1,10,131,1,0
2015,7,16,25.4,28,23.2,20.5,0,4.5,8.2,1,19.3,1,1,0
2015,7,17,25.2,27,23,53,0,3.3,8.3,131,17.1,1,131,1
2015,7,18,24.9,29.5,22.1,40.5,4,1.4,3.2,232,7.6,32,2,1
2015,7,19,27,31.7,23.2,0,0.9,1.4,3.2,232,6.6,32,331,0
2015,7,20,28.5,34.7,23.3,0,10.4,1.9,4.3,232,9.8,32,32,0
2015,7,21,27.3,31.9,22.7,0,5,1.4,3.5,2,6.9,2,42,0
2015,7,22,25.6,28.3,24.1,17,0,1.7,3.4,1,7.5,32,332,0
2015,7,23,24.8,26.4,23.6,24.5,0.2,1.7,4.6,232,9.3,2,332,0
2015,7,24,27.8,33.1,23.2,0,7.6,1.7,3.5,232,7.2,32,232,0
2015,7,25,28.3,32.9,23.3,0,12,2.2,4.9,232,10.3,32,232,0
2015,7,26,29.3,35.4,25,0,13.2,1.9,5.1,2,9.3,232,232,0
2015,7,27,28.3,32.4,24.6,0,4.4,1.7,4.1,232,7.6,232,331,0
2015,7,28,27.4,31.7,25.2,7,3.4,1.3,3.5,42,6.4,42,2,0
2015,7,29,27.4,32.2,24.8,21,4.8,1.3,3.9,42,7.5,32,331,0
2015,7,30,27.3,32.3,24.4,10.5,4.9,1.2,3.1,441,6.6,441,331,0
2015,7,31,29,34.1,24.6,0,12.1,1.6,4,42,7.6,242,331,0
2015,8,1,30,35.8,24.1,0,11.8,1.4,3.4,42,6.2,242,331,0
2015,8,2,31.1,37.5,25.5,0,11.3,1.5,3.3,2,5.2,242,331,0
2015,8,3,29.7,35.6,26.4,2,9,1.6,5.5,242,9.8,242,331,0
2015,8,4,30.1,35.2,25.1,0,9.1,1.5,3,42,5.1,1,242,0
2015,8,5,29.5,35,25,0,10.5,2,4.4,31,7.8,31,131,0
2015,8,6,29.1,33.2,26.8,0,1.3,1.7,3.4,141,6.7,1,141,0
2015,8,7,30.5,35.9,26.6,0,8.4,1.4,3.2,41,5.8,41,331,0
2015,8,8,29.3,35.9,25.2,0,8.3,1.7,4,42,7.6,42,331,0
2015,8,9,29.4,35.2,24.6,0,11.2,1.7,3.4,31,6.4,31,31,0
2015,8,10,29.1,35.3,24.2,0,10,1.7,3.6,141,7.1,4,331,0
2015,8,11,28.4,34,23.3,0,9.4,1.7,4.6,141,7.8,41,331,0
2015,8,12,27.6,33,23.1,0.5,2.5,1.3,3.1,242,5.7,4,331,0
2015,8,13,25.2,28.6,22.4,36,0.6,1,2.5,42,4.4,42,42,0
2015,8,14,27.3,31.9,23.5,0,6.5,1.9,4.1,141,6.7,141,42,0
2015,8,15,27.2,33,21.7,0,12,1.6,3.9,42,6.2,442,331,0
2015,8,16,25.9,30.6,21.7,2,2.7,1.6,3.4,31,6,131,331,0
2015,8,17,25.3,31,22.6,66.5,0.7,1.5,5.8,2,11,332,331,0
2015,8,18,26.3,31.9,21.2,0,9.8,1.6,3.5,42,5.8,441,41,0
2015,8,19,25.6,28.8,23.2,3,0.1,1.5,2.6,3,5.9,331,331,0
2015,8,20,25.3,28.1,23.3,63,0.3,1.1,2.3,332,4.4,3,3,0
2015,8,21,25.5,30.6,22.2,7.5,1.9,1.1,3,42,5.1,2,42,0
2015,8,22,26.9,30.8,23.1,0,3.8,1.9,4.1,41,7.9,141,331,0
2015,8,23,26.2,31.7,22.4,0,9.7,1.8,3.6,442,7.1,4,331,0
2015,8,24,25.9,31.6,20.7,0,8.3,1.8,3.8,141,7.1,2,331,0
2015,8,25,24,25.8,22.1,5.5,0,3.5,7.7,131,15.9,31,131,0
2015,8,26,25.9,31.5,21.6,1,4.8,1.9,4.4,131,8.2,331,41,0
2015,8,27,26,31,22.5,0,10,1.9,4,42,6.5,42,1,0
2015,8,28,25.6,31.7,20.8,0,6.3,1.8,5.1,31,9.4,31,331,0
2015,8,29,24.9,28.3,22.5,17,1.4,1.2,3.3,42,5.3,42,42,0
2015,8,30,24.3,26.8,22.3,32.5,0,1.1,3.3,2,5.9,32,332,0
2015,8,31,23.5,25.7,22.2,2.5,0,1.1,2.5,41,4.3,4,331,0
2015,9,1,24.9,29.7,22.1,10,1.1,1.2,4,31,6.9,131,31,0
2015,9,2,24.9,28.8,22.5,10.5,3.2,1.5,3.4,141,5.9,2,141,0
2015,9,3,22.9,25.2,21.6,8,0,0.8,2.2,42,3.6,42,331,0
2015,9,4,23.7,29,20.5,0,5.1,1.3,4.3,441,10.9,4,3,0
2015,9,5,23.5,29.1,18.5,0,8.2,1.4,3.3,42,6,42,331,0
2015,9,6,22,23.6,20.5,9.5,0,1,2.7,141,4.5,131,441,0
2015,9,7,22.6,24.6,20.9,7,0.2,1.2,2.7,141,5.2,442,41,0
2015,9,8,21.7,23.3,20.1,31,0,1.3,3.4,141,6,41,1,0
2015,9,9,21.9,24.7,19.4,49,0.1,1.6,3.8,32,8.7,32,332,1
2015,9,10,22.2,26.1,20.6,29,1,1.4,5.6,42,8.9,42,242,0
2015,9,11,22.2,27.5,17.9,0,9.1,2.8,5.2,2,8.8,442,2,0
2015,9,12,22.7,29.3,16,0,9.2,1.7,3.7,2,7.6,32,331,0
2015,9,13,22.5,27.9,18.5,0,3.5,1.5,4,42,9.6,441,331,0
2015,9,14,21,27.5,15.7,0,11.5,1.6,4.4,41,8.6,41,331,0
2015,9,15,21.7,27,16.5,0,8.3,2,4.8,42,6.8,42,42,0
2015,9,16,21.4,24.5,19.3,1,0,2.1,4.2,1,7.9,1,1,0
2015,9,17,19.6,20.8,18.7,22,0,1.2,3.1,41,5.9,141,41,0
2015,9,18,21.6,26.1,18.4,0,4.9,1.5,3.9,42,8.4,42,331,0
2015,9,19,21.3,26.3,17.5,0,7.9,2.1,4.2,42,7.9,442,42,0
2015,9,20,20.6,26.6,16.1,0,10.9,1.9,3.8,41,6.9,442,331,0
2015,9,21,20.7,26.5,16.7,0,4.9,1.7,3.9,42,6.6,41,331,0
2015,9,22,21.5,27.7,15.6,0,9.1,1.6,3.4,42,5.3,42,331,0
2015,9,23,22.9,28.1,18.2,0,9.5,2,5.9,131,10.2,131,131,0
2015,9,24,20.6,22.4,19,6.5,0,2.6,4.4,141,7.9,1,141,0
2015,9,25,20.7,23.7,18.7,21.5,0.7,1.9,3.9,41,8.2,41,41,0
2015,9,26,22.8,27.8,20.2,0,3.9,1.5,3.3,42,5.9,41,242,0
2015,9,27,22,27.2,17.6,0.5,4,1.2,3.2,42,5.5,442,331,0
2015,9,28,21.2,27.7,15.4,0,11.3,1.7,3.9,41,6.6,41,41,0
2015,9,29,20.8,26.8,16.4,0,11,2.2,4.6,42,8.1,442,42,0
2015,9,30,18.5,23,15,0,3.8,1.6,3.6,41,6.9,41,41,0
2015,10,1,19,23.1,14.8,4.5,0,1.1,3.5,1,6.7,3,41,0
2015,10,2,21.1,25.5,14.4,14,7.4,2.6,8,2,16.2,232,442,0
2015,10,3,18.5,25.5,12.6,0,10.3,1.6,3.4,2,7,2,331,0
2015,10,4,18.6,25.6,13.5,0,8.7,2.1,4.5,42,9.2,4,331,0
2015,10,5,16.5,21.7,11.9,0,5,1.6,2.9,41,5.8,42,331,0
2015,10,6,17.6,23.8,13.8,0,4.8,1.4,4.2,442,9.1,4,331,0
2015,10,7,17.6,24.2,11.9,0,10.8,2.2,5.1,42,9.6,42,331,0
2015,10,8,18.1,22.6,12.9,0,8.4,2.5,6.1,42,11.1,42,242,0
2015,10,9,18.6,23.3,14.8,0,8,1.7,3.4,2,6.4,3,32,0
2015,10,10,16.9,20,12.7,0,0,1.1,2.5,1,4.8,1,331,0
2015,10,11,18.1,21.4,15.3,4.5,0.8,1.3,4.1,2,7.7,1,232,0
2015,10,12,17.3,22.4,12.3,0,7.6,2.2,4.6,232,10.1,2,232,0
2015,10,13,18,22.1,15.1,0,9.5,2.6,5.1,242,9,242,2,0
2015,10,14,16.7,22.8,12.1,0,6.9,1.7,3.5,2,6,242,331,0
2015,10,15,15.1,21.3,9.7,0,6.5,1.6,3,42,4.6,42,331,0
2015,10,16,16,22.6,9.7,0,10.4,1.4,3.4,42,5.5,442,331,0
2015,10,17,17.6,23.8,12.3,0,7,1.2,2.8,42,4.7,1,331,0
2015,10,18,18.3,26.7,12.4,0,9.8,1.2,3.1,141,5.5,141,331,0
2015,10,19,17.3,23.8,11.6,0,10.1,1.5,3.3,42,5.5,42,331,0
2015,10,20,17.5,24,12.7,0,7.8,1.4,3.3,442,6.9,441,331,0
2015,10,21,18.4,25.3,13.8,0,9.9,1.7,3.9,131,10.4,31,331,0
2015,10,22,16.9,21.6,13,0,4.3,1.4,4.3,42,6.9,42,331,0
2015,10,23,16.2,22.5,11,0,10,1.5,3.1,42,4.7,42,331,0
2015,10,24,17.5,24.4,11.5,0,7.5,1.6,4.7,442,9.3,42,331,0
2015,10,25,15,18.9,8.9,0,9.1,3,5.7,42,12.5,42,442,0
2015,10,26,12.9,19.9,6.8,0,10.2,1.5,2.5,41,5.5,441,331,0
2015,10,27,16.2,24,8.6,5,6.3,1.5,4.9,131,8.4,31,31,0
2015,10,28,17.3,21.2,13.9,8,9.2,2.7,6.1,242,10.1,242,242,0
2015,10,29,15,19.6,9.8,0,7.5,2.1,3.9,242,7.3,2,2,0
2015,10,30,14.4,19.6,9.6,0,4.6,1.7,4,42,6.8,442,3,0
2015,10,31,12.9,17.6,7.5,0,6.4,2.1,4.3,442,8.4,442,42,0
2015,11,1,11.6,16.3,5.8,0,5.7,1.4,2.8,242,4.7,42,41,0
2015,11,2,12.4,14.1,10.4,11,0,1,2.7,141,5.1,141,332,0
2015,11,3,12.9,19,8.8,0,6.4,1.8,4.5,2,7.8,2,331,0
2015,11,4,13.5,20.3,7.1,0,9.8,1.3,3.7,42,5.8,4,331,0
2015,11,5,15.2,20.9,9.8,0,9.9,1.2,4,42,6.3,242,331,0
2015,11,6,16.4,22.2,10.9,0,8.1,1.1,2.7,242,4.3,42,3,0
2015,11,7,17.4,19.7,15.4,0,0,1,3,42,5.5,442,442,0
2015,11,8,15.9,17.6,15.3,32,0,1.1,3,141,5.5,4,441,0
2015,11,9,16.8,18.3,15.7,30.5,0,0.4,1.4,242,2.7,242,2,0
2015,11,10,16.4,19.3,12.6,1.5,2.5,1.4,4.4,42,8.8,442,442,0
2015,11,11,12.9,18,8.8,0,9.4,1.5,3.4,41,7,41,3,0
2015,11,12,11.9,18.3,7.4,0,6.5,1.2,2.9,1,5.3,4,331,0
2015,11,13,13.6,17.2,8.8,1,0,1.6,3.7,41,9.9,331,141,0
2015,11,14,16.1,17.3,14.9,23,0,2.4,5.3,1,11.7,1,1,0
2015,11,15,17.1,20.5,15.4,7,4.2,1.8,5,242,9.8,242,242,0
2015,11,16,15.6,19.4,11.2,0,8,1.4,3.5,42,5.3,42,331,0
2015,11,17,16.1,18.4,14.4,46.5,0.3,0.7,2.4,242,3.9,42,42,0
2015,11,18,16,17.2,15.1,23,0,0.9,2.5,41,5.2,441,41,0
2015,11,19,14.1,16,11.1,0,0.1,2,5.4,42,10.2,2,442,0
2015,11,20,13.7,18.9,10.4,0.5,6.2,0.9,2.8,442,5,442,331,0
2015,11,21,14.1,18.5,10.2,0,4.4,1.4,3.2,242,5.9,41,331,0
2015,11,22,12.6,16.1,8.9,0,2.5,1,2.4,42,3.6,42,331,0
2015,11,23,14.4,17.5,10.8,0,0,0.9,2.2,442,4.3,4,442,0
2015,11,24,13.7,17.5,10.6,0,1.1,2.1,5,42,10.8,442,41,0
2015,11,25,9.2,11.3,6.6,13.5,1.1,0.9,2.6,41,4.3,41,31,0
2015,11,26,10.1,13,7.8,3,1.2,2,5,242,9.3,232,232,0
2015,11,27,7.9,10.8,5.1,0,9.3,4,9.1,2,14.7,2,2,0
2015,11,28,9.2,13.4,5,0,5.7,2.2,5.3,2,9.1,232,2,0
2015,11,29,8.6,12.2,5.3,0,4,1.5,3.1,2,5.7,2,331,0
2015,11,30,8.7,15.7,3.7,0,8.6,1.4,2.7,232,6,32,331,0
2015,12,1,8.6,13.4,4.3,0,3,1.5,3.8,4,7.5,4,331,0
2015,12,2,8.8,14.3,2.3,0.5,8.4,1.1,2.3,242,3.7,3,242,1
2015,12,3,11.1,12.8,8,16.5,0.6,2.5,6.5,2,12,332,2,1
2015,12,4,7.9,9.8,5.7,0,6.1,4.6,8.3,2,18.2,2,232,0
2015,12,5,9.5,12.6,6.5,0,8.5,2.4,5,242,8.8,2,2,0
2015,12,6,9.4,11.3,7.5,0,0.2,1.2,3.1,2,4.7,2,242,0
2015,12,7,8.1,14.3,3.6,0,9,1.5,2.7,141,7.7,1,331,0
2015,12,8,7.2,14.6,1.7,0,9,1.8,4.1,42,7.8,42,331,0
2015,12,9,7.2,12.5,2.7,0,7.9,1.5,3.5,42,5.4,42,331,0
2015,12,10,11.4,15.4,5.5,6.5,0,1.2,3.5,1,8,442,42,0
2015,12,11,14.9,18.4,11.2,54,1.5,3.2,7.5,232,15.8,32,42,0
2015,12,12,10.3,13.8,6.9,0,6.2,1.4,3.4,441,7.5,41,3,0
2015,12,13,10.3,14.4,7,0,3.7,1.1,2.4,42,3.9,3,242,0
2015,12,14,9.9,15.5,6.6,0,3.2,1,2.4,42,4,3,331,0
2015,12,15,12,16,8.6,6.5,0.4,0.7,2.2,131,3.7,131,31,0
2015,12,16,11.5,14.3,7.4,0,1.5,2.1,4.6,242,7.6,2,2,1
2015,12,17,6.6,9.6,3.7,0,3.5,3.5,7.1,2,12.6,2,2,1
2015,12,18,5.7,7.8,3.3,0,0,2.4,4.8,2,8,242,2,0
2015,12,19,5.8,8.7,2.4,0,0.4,1.9,4.6,2,7.3,2,42,0
2015,12,20,5.5,11,-0.1,0,8.5,1.2,2.6,2,4.1,331,331,0
2015,12,21,7.7,10.2,5.9,10,0,0.6,2.8,232,5.4,232,331,0
2015,12,22,8.3,12.7,3.4,0,4,1.1,2.1,42,4.1,4,331,0
2015,12,23,6.2,8.8,2.2,17,0,0.7,2.2,441,4.4,4,331,0
2015,12,24,10.7,15.2,8.3,0.5,3.7,1,2.9,2,5.3,32,331,0
2015,12,25,9.3,12.2,5.8,0,3.1,2.2,5,242,8.9,242,2,0
2015,12,26,7.7,10.9,4.2,0,7.7,2.4,4.4,32,9.5,2,232,0
2015,12,27,6.4,9,3.4,0,0.4,2.7,5,41,9.3,32,141,0
2015,12,28,4.4,8.6,0.6,0,5.7,1.6,5.7,2,9.6,2,331,0
2015,12,29,4.8,8.6,0.9,0,4.4,2.7,8.8,2,13.2,2,2,0
2015,12,30,4.2,9.4,0.1,0,5.9,1.4,3.2,242,5.3,2,331,0
2015,12,31,5.2,10.3,0.3,0,6.2,1.5,3.5,2,6.2,2,331,0
2016,1,1,5.6,10.4,2,0,6.3,1.8,4.7,2,8.5,2,331,0
2016,1,2,6.9,12.3,1.2,0,7.7,1.3,2.7,32,6.4,32,332,0
2016,1,3,7.2,13.2,3.3,0,7.6,0.9,2.3,42,3.6,3,331,0
2016,1,4,8.7,15.2,3.5,0,5.1,1,3.7,32,7.5,32,331,0
2016,1,5,7.9,11.4,3.9,0,2.2,1.7,5.6,2,8.2,2,2,0
2016,1,6,8.4,12,5.7,0,3,1.1,3.1,2,5.1,42,331,0
2016,1,7,7.6,10.1,5.2,0,3.6,2.5,5.1,242,9.4,242,242,0
2016,1,8,6.5,10.1,2.8,0,3.7,2,4.2,2,8.5,232,2,0
2016,1,9,6.1,10.3,2.2,0,8.4,2.2,6,2,8.8,2,2,0
2016,1,10,6.6,10.6,2.8,0,5.8,1.8,4,32,8.9,32,2,0
2016,1,11,7.3,11.3,3.9,0,5.8,1.7,3.8,242,7,232,2,0
2016,1,12,5.7,9.5,1.7,0,2.7,1.6,4.1,2,6.9,2,331,0
2016,1,13,4.1,8.2,-0.3,0,5.8,1.7,4.6,2,8.8,32,331,0
2016,1,14,4.6,9.2,0.8,0,6.1,2.1,4.9,2,7.8,242,31,0
2016,1,15,4.3,9.3,0.4,0,6.4,1.9,5.2,2,8.2,2,2,0
2016,1,16,3.8,8.8,0.5,0,4.5,1.3,2.8,31,4.3,3,331,0
2016,1,17,3.6,6.9,-1.2,3,3.8,1.5,3.2,141,6.7,442,331,0
2016,1,18,7.7,9.9,4.5,9.5,0.5,3.3,7.5,2,13.3,2,2,0
2016,1,19,1.7,5,-0.6,0,5.9,4.7,8.4,2,15.2,2,232,1
2016,1,20,1.5,4.4,-1.4,5,0.9,3.1,8,232,16.4,32,2,0
2016,1,21,3.3,6.3,1,0,2.7,1.4,4.5,242,7.2,2,41,0
2016,1,22,3.2,7.3,0.5,0,6.1,1.7,5.5,41,10,41,41,0
2016,1,23,2.8,6,-0.7,0,0.3,1.9,6.5,2,12.1,242,331,0
2016,1,24,-0.8,1.9,-3.8,0,8.4,4.9,9,2,15.5,2,2,1
2016,1,25,0.5,5.2,-4,0,7.3,2.4,6,2,9.9,2,3,0
2016,1,26,2.7,8.3,-3.1,0,6.8,1.6,4,2,8.2,232,3,0
2016,1,27,6,10.5,2.2,0,4.5,1.7,4,2,8.5,2,2,0
2016,1,28,6,11.6,0.1,0,4.5,0.9,2.3,232,4.8,32,3,0
2016,1,29,6.4,7.2,5.4,48,0,0.8,2.4,42,4,42,41,0
2016,1,30,7.1,9.6,5.4,5.5,1.1,1.3,3.6,42,6.7,42,441,0
2016,1,31,7.2,11.3,4.6,0,7,1.6,3.8,42,7.5,32,232,0
2016,2,1,5.5,7.9,3.1,0,0.7,1.8,3.7,242,6.1,242,2,0
2016,2,2,4.2,8.9,1.7,0,5.1,1.5,4.3,41,8.2,141,41,0
2016,2,3,3.6,7.7,-0.3,0,2.1,1.7,4.5,42,8.2,42,331,0
2016,2,4,4.1,9.2,-1.1,0,4.1,1.4,4,232,8.8,2,331,0
2016,2,5,5.3,10.6,0.8,0,8.8,1.5,3.6,242,6.5,2,331,0
2016,2,6,5,9.3,1.2,0,4.3,2.1,4.6,2,7.7,2,2,0
2016,2,7,3,6.8,-1.1,0,5.4,1.9,4.5,41,9,41,41,0
2016,2,8,3.5,9.9,-2.8,0,10,1.7,4.6,2,7.7,32,331,0
2016,2,9,5.7,8.7,2.5,2,4.2,4.3,9.3,242,15.1,242,2,1
2016,2,10,4.1,7.7,1.1,0,5.6,2.3,6.2,42,10.5,442,2,0
2016,2,11,4.5,11.8,-0.9,0,10,1.3,2.8,242,4.9,42,331,0
2016,2,12,6.8,13.1,0.6,0,1,1.5,4,1,7.1,1,1,0
2016,2,13,10.2,13.9,7.8,29,0.4,0.8,2,242,3.8,4,242,0
2016,2,14,13.9,20.3,10.2,28,4.4,2.6,6.8,2,13.9,32,2,0
2016,2,15,5.2,10.4,1.8,0.5,0.5,3.3,6.5,2,10.7,2,2,0
2016,2,16,3.5,7.1,0.2,0,5.8,2.4,4.9,2,9.8,242,32,0
2016,2,17,4.5,7.2,0.8,0,7.3,3.4,7.9,242,12.8,242,242,0
2016,2,18,4.5,10.9,-1.3,0,10.2,1.5,3.5,232,8,32,331,0
2016,2,19,7.5,14.2,1.2,0,6.8,1.1,3.5,232,7.4,32,331,0
2016,2,20,7.1,9.1,5.6,25,0,1.2,3.8,42,6.6,42,41,0
2016,2,21,6.7,9.5,4.1,0,6.9,3.9,8,242,13.3,242,242,0
2016,2,22,5.8,9.1,3.5,0,1.3,1.7,4.5,2,7.2,2,2,0
2016,2,23,7.4,10.5,3.9,0,2.1,1.5,3.5,2,6.5,42,2,1
2016,2,24,3.9,7.7,0.9,0,3.8,2.8,4.7,42,9.1,42,41,0
2016,2,25,4.1,9.1,0.3,0,8.5,2.7,5.8,242,9.5,32,2,0
2016,2,26,4.5,9.2,0.5,0,6.4,2.6,5.4,232,11.5,32,242,0
2016,2,27,6.5,13.1,-0.4,0,6.3,2.1,5.2,232,12,32,232,0
2016,2,28,8.4,16,2.4,0,10,1.3,2.9,42,6.5,3,42,0
2016,2,29,5.2,7.6,-0.5,10.5,0,2.3,7.6,2,14.1,2,242,0
2016,3,1,1.4,4.4,-0.5,1,5.6,3.3,5.9,242,10.2,242,2,0
2016,3,2,4.3,9.6,0,0,7.3,2,4.6,242,7.8,242,2,0
2016,3,3,6.1,13.5,-0.6,0,10.1,1.2,3.2,2,5.7,32,331,0
2016,3,4,8.5,17.5,1.9,0,9.7,1.2,3.4,32,6.2,32,242,0
2016,3,5,11.6,15.7,8.9,0,4.4,1.3,3.6,131,6.1,31,242,0
2016,3,6,13.7,20.7,7.7,0,2.6,1,2.9,3,6.4,331,242,0
2016,3,7,14.1,19.1,10.7,0,0.8,1.1,3.4,41,5.7,41,242,0
2016,3,8,11.8,15.1,9,0,0.3,1.4,3.8,141,6.3,1,331,0
2016,3,9,8.3,11,6.3,28.5,0,1.8,3.6,242,6.6,42,1,0
2016,3,10,6.5,9.4,4.6,0,0.9,1.8,4.5,42,10,4,41,0
2016,3,11,5.5,11.7,1.4,0,6.3,1.8,4.2,41,9.1,141,4,0
2016,3,12,4.8,11.5,-0.4,0,8.3,1.6,3.9,41,7.3,4,331,0
2016,3,13,6.2,11.5,0.4,5,4.8,1.2,4,42,5.9,42,331,0
2016,3,14,6.2,8.1,4.6,19.5,0.2,1.6,3.9,42,8.7,2,41,0
2016,3,15,6.4,10.6,1.5,0.5,7.2,2.9,5.7,42,11.5,42,242,0
2016,3,16,5.6,13.2,-0.2,0,3.1,1.2,3.3,42,5.6,42,331,0
2016,3,17,9.8,18.5,1.9,0,11.1,1.4,2.8,42,4.2,331,331,0
2016,3,18,11.2,16.2,5.1,3.5,4.2,1.2,3.6,242,5.4,242,331,0
2016,3,19,13.2,16.9,10.2,12,1.2,1.8,6,42,9.8,42,42,0
2016,3,20,10,13.2,8,0,5,3.2,5.5,42,10.9,442,42,0
2016,3,21,8.3,13.2,3.3,0,10.3,2.5,5.3,42,9.1,442,42,1
2016,3,22,8.9,17.3,0.5,0,10.6,1.6,3.8,32,8.5,332,331,0
2016,3,23,10.1,16.9,4.9,0,8.9,1.9,4.2,41,8.2,42,331,0
2016,3,24,7.6,11.5,4.7,0,3.8,2.4,6.2,42,11.8,442,41,0
2016,3,25,6,10.7,2.9,0,3.5,2.7,4.8,242,9.5,2,242,0
2016,3,26,6.1,13,0.2,0,10.6,1.8,4.3,41,6.9,41,331,0
2016,3,27,8.3,16.5,0.8,0,6.8,1.6,3.5,2,5.9,242,331,0
2016,3,28,9,13.8,5,0,5.5,1.4,4.2,2,7.3,2,3,0
2016,3,29,10.6,17,2.9,0,7.7,1.7,4.6,32,8.1,32,32,0
2016,3,30,13.3,19.2,7.4,0,8.3,1.4,3.7,32,8.2,32,32,0
2016,3,31,13.3,20.5,7.4,0,8.2,1.2,3.1,42,4.3,242,42,0
2016,4,1,13,14.2,11.3,5,0,2,5,141,9.5,141,141,0
2016,4,2,15,20.5,10,0,3.4,1.9,5.4,31,9.5,31,31,0
2016,4,3,16.1,19.5,13.4,0.5,0.3,2,4.5,1,8.1,1,1,0
2016,4,4,14.8,18.6,11.2,15.5,0,1.3,3.2,4,6.4,2,242,0
2016,4,5,12.6,16.9,8.1,0,5.3,1.3,3.8,42,6.2,442,42,0
2016,4,6,13.3,20.2,6.1,0,9.4,1.5,4.2,42,6.8,42,331,0
2016,4,7,13,14.5,11.6,82.5,0,1.1,3.6,1,6.9,1,442,0
2016,4,8,13.8,18.1,10.1,0,3.8,1.3,3,242,5.8,442,242,0
2016,4,9,15.8,23.4,9.5,0,7.3,1.4,3.6,232,7.7,232,331,0
2016,4,10,15,19.3,11.6,0,0.2,1.3,3.3,42,5,42,42,0
2016,4,11,10.1,13.5,6.5,0,8.7,2.9,5.7,42,11.1,4,442,0
2016,4,12,10.2,17.2,2.6,0,9.5,2.2,5.4,131,9.5,131,331,0
2016,4,13,14.6,19.6,12.6,15.5,0.1,2.3,5.3,131,11.1,1,131,0
2016,4,14,15.9,23.3,12.7,4,7.3,1.6,3.8,41,9.7,41,42,0
2016,4,15,13.6,18.8,7.3,0,11.9,2.7,7.1,42,12.2,42,41,1
2016,4,16,13.5,21.8,4.7,0,9.7,1.9,4.9,131,8.2,31,31,0
2016,4,17,18.4,25.2,13.4,8,6.2,2.2,7.7,232,16.4,32,32,0
2016,4,18,13.9,18,10.1,0,1.8,1.4,3.1,41,6.7,441,331,0
2016,4,19,13.2,20.3,7,0,11.1,2.3,4.8,441,9.8,4,331,0
2016,4,20,14,22.5,6,0,11.9,1.8,4.1,42,7.4,1,31,0
2016,4,21,14.8,16.2,13.2,23,0,1,2.4,1,5.2,4,4,0
2016,4,22,16.5,20.9,12.9,1.5,5.2,1.5,4.2,242,7.6,141,41,0
2016,4,23,16.1,24.7,10.8,2,4.4,1.4,3.6,42,6.2,242,42,0
2016,4,24,16,22.2,13,1,6.1,1.6,4.3,42,7.7,141,1,0
2016,4,25,17.1,22.4,12.9,0,5.7,1.9,4.4,42,6.2,42,41,0
2016,4,26,19.1,26,12.4,0,11.2,1.5,3.6,42,6.1,42,42,0
2016,4,27,16.6,20.1,15,11.5,0,1.6,3.7,141,9.2,1,441,0
2016,4,28,15.1,17.3,12.8,21,0,2.1,6,42,9.7,242,42,0
2016,4,29,12.3,15.6,8.3,0,4.7,4.2,6.6,242,11.9,42,242,0
2016,4,30,14.6,22.1,6,0,12.7,1.9,4.2,232,8.7,32,331,0
2016,5,1,17.9,25.3,12,0,8.3,1.8,4.2,41,8.4,41,331,0
2016,5,2,18.7,26.7,10.9,0,12.1,1.6,3.6,42,6.1,31,42,0
2016,5,3,19.8,24.3,16,2,1.7,2.8,7,131,13.6,31,31,0
2016,5,4,19.9,24,14.8,3.5,12.1,3.5,6.2,2,13,2,32,0
2016,5,5,19.6,24.7,14,0,11.6,3,6,2,11.3,242,232,0
2016,5,6,14.8,17.5,13,6,0,0.9,2.1,42,3.7,242,141,0
2016,5,7,16.2,19.3,13.5,0.5,0,1.3,2.8,42,5.1,4,441,0
2016,5,8,17.2,25.3,9.9,0,11.7,1.6,2.8,442,5.5,441,441,0
2016,5,9,16,18.2,14.8,26,0,1.1,3.1,1,5.9,1,441,0
2016,5,10,16.3,17.7,14.9,14,0,0.7,1.7,4,3.5,41,4,0
2016,5,11,17,20.8,14.7,9.5,0.3,1.8,6.1,232,11.5,32,242,0
2016,5,12,17.6,24.7,11.6,0,13.1,1.6,3.6,242,6.1,442,42,0
2016,5,13,19.3,26.9,12.3,0,11.9,1.9,4,41,7.6,41,42,0
2016,5,14,19.8,26.2,13.9,0,11.8,1.6,3.6,42,6.3,42,41,0
2016,5,15,20.4,26.6,16.4,0,7.2,2.4,5.1,141,9,41,131,0
2016,5,16,19.7,24.2,13.5,33.5,0.7,2.8,6.1,131,10.4,1,131,0
2016,5,17,15.9,22.3,11,2,9.3,1.7,3.2,41,6.2,41,141,0
2016,5,18,17.7,26.1,9,0,13,1.7,3.6,42,5.6,42,42,0
2016,5,19,20.2,27.3,13.7,0,11.8,1.6,3.5,42,5.3,242,42,0
2016,5,20,20.7,27.1,16.1,0,9.3,1.7,4.4,42,7,42,42,0
2016,5,21,20.9,28.7,14.4,0,13,1.6,3.6,41,6.5,41,41,0
2016,5,22,21.9,29.3,15.7,0,12.1,1.8,3.9,32,7.2,232,3,0
2016,5,23,23,29.6,17.7,0,11.5,1.5,3.4,442,5.8,42,42,0
2016,5,24,22.8,30.6,16.2,0,10.2,1.7,4,232,7.9,32,331,0
2016,5,25,22,24.9,18.3,0,0,1.7,4.1,31,7,1,131,0
2016,5,26,23.3,29.1,20.8,12,1.2,1.5,3.5,242,6.1,31,4,0
2016,5,27,22.2,27.4,18.3,5,7.2,1.6,3.9,242,7.3,2,141,0
2016,5,28,19.7,22.8,16.9,0,0.1,1,2.3,2,4.5,32,331,1
2016,5,29,19.4,25.2,16,13.5,3.7,1.8,4.5,131,7.7,131,131,0
2016,5,30,19.5,22.7,17,7,0.4,1.6,3.4,42,5.2,42,441,0
2016,5,31,23.7,29.5,19,0,8.7,1.8,4.2,32,8,32,32,0
2016,6,1,20,23.8,17,0,11.6,2.6,5.4,42,9.9,42,42,0
2016,6,2,18.7,23.5,13.9,0,13.8,2.5,4.9,42,10.6,442,4,0
2016,6,3,19.3,27.2,11.2,0,13.7,1.8,3.6,232,7.1,32,331,0
2016,6,4,19.7,23.8,14.8,1,2.2,1.7,3.3,42,5.4,42,42,0
2016,6,5,18.5,23.2,15,13.5,4.2,1.9,4.1,41,7.4,41,41,0
2016,6,6,21.2,28.5,15.1,0,8.7,2.2,5.3,1,8.9,131,131,0
2016,6,7,19.6,21.2,17.4,15.5,0,1.8,3.1,141,6.2,4,141,0
2016,6,8,22,28.2,17.8,0,4.9,1.9,4.4,131,7.1,131,41,0
2016,6,9,22.1,26.8,19.7,0.5,0.9,1.3,3.6,42,7.1,442,42,0
2016,6,10,24.2,31.7,17.6,0,13.5,1.7,3.6,42,6.3,442,331,0
2016,6,11,24.4,29.9,20.7,0,4.9,2.1,4.1,131,7.3,131,42,0
2016,6,12,23.1,27,20.4,14.5,0.2,2.2,4.6,1,8.3,1,41,0
2016,6,13,21.6,24.9,19.6,25.5,0.6,2,4.3,242,9.5,4,41,0
2016,6,14,23.5,29.4,18.9,0,6.1,1.4,3.3,41,6.1,41,331,0
2016,6,15,23.8,29.7,20.8,9,5.6,1.9,5,1,7.9,1,131,0
2016,6,16,21.6,23.6,19.8,37.5,0,1.5,3.7,1,7.3,131,141,0
2016,6,17,22.7,27.4,19.2,1.5,1.5,1.6,3.5,232,9.3,32,232,0
2016,6,18,24.6,32,17.1,0,12.5,1.4,2.9,42,4.8,42,31,0
2016,6,19,21.1,22.9,20,9.5,0,1.1,3.3,42,6,41,331,0
2016,6,20,24.9,30.2,20.4,0,5.5,1.4,4,232,7.8,32,32,0
2016,6,21,24.6,29.9,21.2,29,3.7,1.3,3.4,232,7.4,232,331,0
2016,6,22,23.7,28.3,21.5,3.5,0,1,3,3,7.3,3,331,0
2016,6,23,23,27.3,19.1,52,4.5,1.5,5.5,242,8.5,242,442,0
2016,6,24,20.9,23.6,17.6,28,2.1,1.1,3.1,42,5.4,42,4,0
2016,6,25,23.2,27.5,18.9,8,1.1,2.3,6,2,12.9,332,32,0
2016,6,26,22.2,27.2,19,0,5.3,1.9,4.5,32,9.1,32,331,0
2016,6,27,22.7,29.3,17.6,28.5,7.3,1.5,3.8,141,7.2,141,331,0
2016,6,28,20.5,24,17.9,24.5,0,1.3,2.6,41,5.5,41,441,0
2016,6,29,22.2,24.5,20.2,17,1.2,1,3.3,42,5.2,442,42,0
2016,6,30,25,27.8,22.2,3,1.1,1.2,2.4,242,4.8,32,331,0
2016,7,1,26.7,32.7,21.6,0,6.7,1.4,3,32,6.8,332,3,0
2016,7,2,28.6,33.6,23.5,0,11.6,2.1,5.3,232,10.3,2,232,0
2016,7,3,27.5,32.8,24.8,5,5.2,2.2,5.8,41,10.9,41,232,0
2016,7,4,26.5,31.2,24.1,0.5,3.3,1.3,3.6,442,8.8,4,42,0
2016,7,5,27.4,33.5,23.1,1,8.7,1.8,3.6,1,6.4,1,42,0
2016,7,6,28.3,34.1,24.4,0,9.4,2,4,232,8.7,232,232,0
2016,7,7,28.2,31.6,25.2,0,7.8,1.9,4.4,42,6.7,42,42,0
2016,7,8,25.8,28.9,23.5,3.5,0,1.2,3.6,42,5.9,3,331,0
2016,7,9,22.9,25,21,39,0,1.1,2.5,42,4.3,42,41,0
2016,7,10,26.9,31.4,22.9,0,5.7,1,2.7,42,5.2,441,42,0
2016,7,11,28.2,32.3,23.8,0,9.2,1.5,3.1,32,7.8,32,42,0
2016,7,12,27.2,30.4,25.7,4,0.2,1.2,2.4,32,5.2,232,331,0
2016,7,13,26.9,29.1,25.6,12,0.3,1.6,3.5,232,7.6,32,232,0
2016,7,14,26.4,31.5,23.2,28,6.8,1.4,5.1,3,11.6,3,2,0
2016,7,15,24,26,21.8,0,0.1,2.7,5.9,2,9.4,2,2,0
2016,7,16,25.6,30.8,20.9,0,2.8,1.4,3.4,42,5,42,31,0
2016,7,17,26.2,29.7,24.5,2.5,0.1,1.2,3,41,5.7,41,42,0
2016,7,18,26.5,31.7,22.4,0,9.3,1.6,3.5,141,6.6,41,331,0
2016,7,19,26.4,32.1,20.7,0,13.2,1.9,3.8,41,6.7,41,331,0
2016,7,20,26.1,32.4,20.8,0,13.6,1.9,4.3,141,8,441,331,0
2016,7,21,25.7,30.7,20.9,0,10.9,2,4.1,141,7.5,41,42,0
2016,7,22,25.7,31.6,22,0,7.9,2.3,5,131,9.6,31,1,0
2016,7,23,25.9,30.9,22.6,0,5.7,2.3,4.1,131,7,131,131,0
2016,7,24,26.3,30.8,22.2,0,10,1.9,3.8,42,6.4,42,42,0
2016,7,25,26,29.1,23.4,0,0,1.4,2.7,42,4.5,3,31,0
2016,7,26,24.4,26.6,22.9,13.5,0,1.3,2.6,331,4.9,3,331,0
2016,7,27,26.6,31,23,0,4.1,1.3,3.6,42,5.5,42,42,0
2016,7,28,27.4,31.8,25.1,0,1.6,1.7,3.5,42,6.6,42,131,0
2016,7,29,27.9,33.4,23.4,0,10.9,1.8,3.7,42,5.6,331,31,0
2016,7,30,27.9,32.7,23.5,0,11.1,1.9,4.1,42,6,42,42,0
2016,7,31,28.6,35.3,24,0,9.7,1.4,3.7,242,6.1,41,331,0
2016,8,1,28.9,34.7,24.5,0,11.8,1.8,3.9,141,8.3,441,331,0
2016,8,2,28,33.4,24,0,6.2,1.8,4.1,141,7.4,1,331,0
2016,8,3,28,33.5,23.5,0,9.3,1.8,4.1,42,7.4,41,1,0
2016,8,4,28.7,34.8,24.3,4.5,11.2,1.7,3.8,42,6.2,141,42,0
2016,8,5,29.6,35,25.2,0,10.8,1.7,4.1,42,6.3,42,42,0
2016,8,6,29.5,34.8,25.7,0,9.4,1.8,3.7,42,7.5,242,331,0
2016,8,7,30.1,36,24.9,0,11.5,1.8,4.4,131,7.7,31,31,0
2016,8,8,29.8,36.3,25.7,0,11.6,2.2,5.5,42,9,42,42,0
2016,8,9,29.3,34.8,25.2,0,10.1,2.3,4.3,42,7.7,4,442,0
2016,8,10,26.9,34.1,22.3,0,11.2,1.9,3.9,41,6.7,41,331,0
2016,8,11,26.7,34.3,20.2,0,11.3,1.7,3.5,41,6.1,41,1,0
2016,8,12,28.2,35.8,22.5,0,11.3,2,4.3,1,6.6,1,131,0
2016,8,13,29.1,35.6,24,0,8.3,1.3,3.3,42,5.4,42,3,0
2016,8,14,28.6,33.9,25.8,1.5,3.1,1.4,3.7,42,7.7,442,331,0
2016,8,15,27.3,34.1,24.7,0.5,3,1.2,5.1,441,11,441,441,0
2016,8,16,28.4,35.3,24.2,8,4.2,1.5,3.9,42,7.8,3,41,0
2016,8,17,27.5,31.6,24.2,0,5.2,1.4,3.2,42,6,442,31,0
2016,8,18,29,34.8,25,0,9.2,1.7,3.4,1,6.8,441,1,0
2016,8,19,29.5,35.7,25.3,0,7.6,1.8,4.5,42,7,42,42,0
2016,8,20,29.3,36,24.9,3,10.4,1.8,5.3,1,8.3,1,331,0
2016,8,21,29.4,35,25.6,0,7.7,2.2,5,1,8.2,1,1,0
2016,8,22,29.7,35.8,25.8,0,7.7,1.9,4.6,242,9.8,2,331,0
2016,8,23,29.1,34.8,26.1,0,7.7,2,4,41,7.1,41,41,0
2016,8,24,28.5,34,25.8,2,3,2,4.2,1,7.5,1,1,0
2016,8,25,29.1,35.4,25.6,0,4.9,2,4.5,131,8,131,131,0
2016,8,26,28.2,35.2,23.8,0.5,7.7,1.4,4,442,7.8,4,42,0
2016,8,27,25.9,31.5,22.7,0,3.8,1.7,3.5,442,6.8,442,331,0
2016,8,28,24.7,29.1,21.7,0.5,1,2.1,5.5,131,10.3,31,131,0
2016,8,29,24.4,29.1,20.3,76,0,1.8,4.6,131,10,131,331,0
2016,8,30,23.4,27.1,20,12.5,7.5,2.4,4.9,232,9.7,2,32,0
2016,8,31,25.9,31.1,20.6,0,12.4,1.9,4.4,2,9.4,2,232,0
2016,9,1,25.3,32.3,19.4,0,10.6,1.5,3.4,42,5.3,42,331,0
2016,9,2,26.2,32.7,20,0,8.7,2.1,5,31,9.7,131,131,0
2016,9,3,27.4,33,23.5,0,4.2,2.4,5.8,131,11.3,131,131,0
2016,9,4,28.2,32.7,24.9,0.5,7.2,2.8,5.8,131,9.8,31,131,0
2016,9,5,26.9,30.9,24.2,0.5,1.1,1.5,3.8,1,6,442,131,0
2016,9,6,26.4,32.3,23.4,3.5,5.7,1.7,5.6,131,8.9,131,331,0
2016,9,7,27.8,33.6,23.5,0,7.2,1.6,3.7,131,5.9,131,42,0
2016,9,8,25.8,29.2,23,21,3.2,2.3,5.1,2,8.8,242,2,0
2016,9,9,24.4,29,20.5,0,7,2.1,3.8,442,7.7,4,2,0
2016,9,10,23.9,30.5,19,0,10.9,1.8,4.3,41,7.2,41,331,0
2016,9,11,25.9,30.9,21.5,0,6.2,1.6,3.6,42,5.7,42,42,0
2016,9,12,25.8,30.3,22.5,1,2.3,1.9,5,131,8.7,31,31,0
2016,9,13,24.7,26.5,23.3,11,0,1.2,3.5,1,5.4,1,1,0
2016,9,14,24.4,27.1,21.9,0,1,1.2,2.6,131,5,141,131,0
2016,9,15,23.6,26.4,20.8,0,0.6,0.9,2.3,42,3.7,42,331,0
2016,9,16,24.5,30,20.5,0,3.8,1.1,3.2,42,5.1,442,42,0
2016,9,17,26.2,30,23.2,0,2.5,1.2,3,42,4.7,42,42,0
2016,9,18,23.7,26.2,21.7,76,0,1.4,6.1,242,10.8,2,331,0
2016,9,19,23,26.4,21.3,30.5,0.1,0.9,2.5,442,5.5,4,1,0
2016,9,20,21.1,22,19.6,63.5,0,2.2,7.2,441,17.1,4,141,0
2016,9,21,21.1,23.7,19.3,3,0,1.2,2.5,331,4.7,331,41,0
2016,9,22,22.3,24.4,20.9,25,0,1.2,3.2,442,6,4,41,0
2016,9,23,22.1,25.4,19.5,0,0.7,1.1,3.6,1,5.6,1,141,0
2016,9,24,21.4,24.2,18.4,0,1,0.8,2.4,42,3.9,42,41,0
2016,9,25,24.2,28.2,20.3,9,4,1.4,3.3,42,5.5,42,441,0
2016,9,26,24,27.6,21.4,5.5,2.4,1.2,3.2,42,5.1,42,41,0
2016,9,27,25.1,29.5,20.8,0,4.8,1.2,3.6,42,5.5,442,442,0
2016,9,28,23.9,27,22.7,79,0,0.8,3.5,4,6.6,441,331,1
2016,9,29,22.3,25.4,19,10,0.3,1.6,4.6,42,9,32,331,0
2016,9,30,21.4,26.1,17.4,8,5.9,1.5,3.5,42,5.4,242,331,0
2016,10,1,22.9,26.7,19.9,6.5,2.1,1,3.1,42,4.8,41,441,0
2016,10,2,25.4,29.4,22.2,1,5.6,1.1,3.2,42,4.8,131,42,0
2016,10,3,23.4,26.9,20.3,4,0,0.9,2.6,331,5.2,3,42,0
2016,10,4,22.6,27.6,19,0,1.5,1.1,2.5,442,4.8,441,331,0
2016,10,5,23.1,27,18,12.5,1.2,1.9,8,2,15,242,131,0
2016,10,6,22.5,26.2,19.1,0,5.6,2.3,5,42,8.9,4,42,0
2016,10,7,20.9,25.1,15.5,0,8.7,2,3.9,41,7.7,41,131,0
2016,10,8,23.5,26.5,20.9,0,1.9,1.4,4.1,131,7.5,31,42,0
2016,10,9,20.3,24.5,17.2,46,2.1,2.3,5.8,42,12.2,242,42,0
2016,10,10,17.7,22.9,14.1,0,8.6,1.7,3.6,442,7,4,331,0
2016,10,11,16.7,19.9,13.1,0,2.5,1.3,2.3,1,3.8,3,331,0
2016,10,12,17.1,23.6,12.4,0,5.2,1.6,3.3,42,6.7,4,331,0
2016,10,13,16.1,20.1,13.4,0,3.8,1.3,2.8,41,6.1,41,331,0
2016,10,14,15.2,20,11.5,0,4.4,1.3,2.2,42,3.6,3,331,0
2016,10,15,15.9,24,9.5,0,10.3,1.6,4.5,42,6.8,442,331,0
2016,10,16,19.1,24.6,12.7,0,7,2,5.8,131,10.3,1,131,0
2016,10,17,19.8,23.5,17.5,31.5,0.6,1.5,4.3,141,7.6,1,41,0
2016,10,18,20.7,27.1,16.7,0,7.9,1.3,3.8,42,5.2,42,331,0
2016,10,19,20.5,24.7,16.2,0,4.7,1.1,3.5,42,4.9,42,42,0
2016,10,20,21.2,26.1,17.8,0,7.7,1.7,4.8,42,8.3,42,42,0
2016,10,21,16.8,21.5,13.3,0,3.1,1.5,3.8,1,5.9,1,331,0
2016,10,22,16,19,12.2,0,0.1,0.8,1.8,42,2.6,2,331,0
2016,10,23,17.3,20.4,12.9,0,0.3,1.3,3.8,442,7.2,42,42,0
2016,10,24,14.2,21.1,9.5,0,10.1,1.6,3.3,42,5.8,42,331,0
2016,10,25,13.9,16.3,8.7,7.5,0,1.2,3.3,141,5.4,41,441,0
2016,10,26,18.8,22.9,15.8,2,1.7,1.1,6.2,2,9.5,2,442,0
2016,10,27,16.4,21.2,11.7,0,6.8,1.7,3.3,441,7.6,41,441,0
2016,10,28,14.9,16.9,11.2,13.5,0,0.7,2.6,41,4.3,4,441,0
2016,10,29,15.4,18.2,10.5,1.5,0.2,2.3,4.8,42,9.4,42,242,0
2016,10,30,12.5,18.8,7.2,0,9.5,1.4,2.3,42,4.3,3,331,0
2016,10,31,12.3,16.1,7.5,0,1.7,1.1,2.6,42,4.7,42,331,0
2016,11,1,13,17.4,9.8,6,3.8,2.1,5.9,242,9.3,242,4,0
2016,11,2,11.4,18,5.8,0,10,1.4,2.4,2,5.1,442,331,0
2016,11,3,12,16,7.1,0,7.2,2.5,6.5,242,12.5,242,2,0
2016,11,4,12.4,17.2,8.3,0,5.8,1.4,3.4,2,5.5,2,2,0
2016,11,5,12.4,19.4,6.2,0,9.8,1.5,3.5,2,7.1,3,331,0
2016,11,6,11.9,16.3,7,0,3.4,2,5.1,42,9.9,42,331,0
2016,11,7,10.8,17.4,5.4,0,9.6,1.3,2.9,442,5.4,442,331,0
2016,11,8,12.3,15.5,9.3,11,0,1,3.3,441,7.3,441,331,0
2016,11,9,8.2,10.3,6.1,1,3.2,2.7,4.9,242,8.9,41,41,0
2016,11,10,9.5,13.4,5.8,0,1.5,1.2,4.1,141,8,41,41,0
2016,11,11,12.6,17.9,9.5,4,7.5,1.3,3.6,232,6.9,32,331,0
2016,11,12,12.2,18.4,8,0,9.5,1.5,2.5,242,5,242,331,0
2016,11,13,12.8,18.3,7.8,0,6.9,1.1,2.6,42,4.2,442,3,0
2016,11,14,13.6,15.1,11.6,9.5,0.1,0.9,2.5,441,4.7,441,441,0
2016,11,15,15.2,19.5,11.8,6,1.2,2,6.3,4,12.3,4,442,0
2016,11,16,10.7,14.9,6.8,0,8.3,2,4.6,42,8.4,42,442,0
2016,11,17,9.8,16.3,4.7,0,6.2,1.4,3.8,2,6.1,2,331,0
2016,11,18,10.6,15.9,3.9,0,8.8,1.3,2.7,42,4.5,441,4,0
2016,11,19,14.5,17.8,12.9,9,0.3,0.7,1.8,42,4,141,242,0
2016,11,20,14.9,18.4,12.2,0,0.2,0.8,3.4,242,5.5,242,42,0
2016,11,21,13.9,15.9,10.7,0,0,0.9,3,42,5,42,4,0
2016,11,22,15.4,19.3,12,3,5.9,1.1,3.5,242,6.3,242,242,1
2016,11,23,10.3,14.7,7,0,4.1,2.2,5.5,42,9.2,442,442,1
2016,11,24,8.1,12.1,5.3,0,1.8,1.3,3.6,1,6.7,31,3,0
2016,11,25,8,12.9,3.7,0,4.8,1.6,4.4,2,7.4,2,331,0
2016,11,26,9.1,13.4,3.6,12,7,1.5,3.9,131,6.5,131,331,0
2016,11,27,11.3,12.7,10.4,31,0,0.8,4.7,242,8.7,242,242,0
2016,11,28,10.7,12.7,8.5,0,1.9,2.7,5.1,242,9,42,2,0
2016,11,29,9,12.2,7.3,0,3.2,1.8,5.1,2,8.3,2,331,0
2016,11,30,8.4,10.5,4.4,0,4.5,1.2,3,42,5.4,42,4,0
2016,12,1,12.2,15.6,8.4,0.5,2.5,1.7,4.2,2,8.2,2,2,0
2016,12,2,9.6,13.4,4.9,0,7.8,2,4.4,42,8,42,242,0
2016,12,3,9.2,15.9,4.7,0,9,1.2,2.4,242,4.9,3,331,0
2016,12,4,9.5,13,4.8,9,3.1,0.9,2.4,242,3.5,2,242,0
2016,12,5,13.1,16.7,10.8,0,6.5,1.5,3.6,2,6.7,2,232,0
2016,12,6,10.1,13.2,6.5,0,3.9,3,8.1,242,13.3,242,242,0
2016,12,7,7.2,12,3,0,8.4,1.6,3.5,32,9.1,232,331,0
2016,12,8,7.9,11.5,4.5,0,6,1.4,4.8,2,8.2,2,331,0
2016,12,9,9.1,14.5,4.3,0,4.5,2.1,7,2,10.9,2,2,0
2016,12,10,6.5,9.3,1.9,0,3.9,1.8,4.5,442,8.5,4,4,0
2016,12,11,5.1,9.9,1.6,0,3.1,1.6,3.3,41,7.9,441,331,0
2016,12,12,5.3,8.9,0.6,0,4.6,1.1,2.6,42,3.9,242,331,0
2016,12,13,7.5,9.2,5.8,35.5,0,0.8,2.1,41,3.6,4,41,0
2016,12,14,7.4,10.5,3.9,1.5,0.9,2.2,4.5,41,8.6,441,42,1
2016,12,15,4.3,7.5,2,0,4.2,1.8,4,242,6.8,2,242,0
2016,12,16,4,6.1,2.4,0.5,3.2,2.5,5.8,42,10.7,242,42,0
2016,12,17,6.6,10.6,1.6,0,4.3,2.2,5.2,2,8.4,2,2,0
2016,12,18,7.6,12.5,2.6,0,8.7,1.3,3.3,232,6.5,232,332,0
2016,12,19,8.1,13.9,3.5,0,7.7,1.1,2.7,242,4.9,42,3,0
2016,12,20,7.2,9.9,4.6,0,0.4,0.8,1.8,31,2.8,31,331,0
2016,12,21,5.9,7.2,3.8,0,0,0.8,2,331,3.3,3,4,0
2016,12,22,11.9,16.1,5.2,19.5,0.1,1,4.4,232,9.7,232,242,0
2016,12,23,9.9,16,6,6,1.5,3,6.2,2,11.6,2,232,0
2016,12,24,6.2,10.5,3.8,1,4.9,1.5,4.4,2,7.4,32,331,0
2016,12,25,6.1,11.5,3.3,0,6.9,1.4,2.6,41,5,41,331,0
2016,12,26,6.5,9.9,1.7,0,0.8,0.8,2.2,242,3.7,42,242,0
2016,12,27,8.8,11.5,4.5,22,0.2,1.8,5,42,11.7,4,2,0
2016,12,28,3.1,5.3,0.9,1.5,2.6,2.5,8.1,42,15.8,42,2,0
2016,12,29,4.1,7.9,-0.2,0,4.4,1.6,4.3,2,7.9,2,232,0
2016,12,30,4.5,8.1,0.6,0,4.4,1.8,4.9,2,8.9,2,2,0
2016,12,31,5.1,11,-0.2,0,7.4,1.1,3.4,32,7.1,32,41,0
2017,1,1,6.9,12,2.8,0,5.1,1.2,3.9,2,6.3,2,3,0
2017,1,2,7.1,12.1,1.8,0,7.7,1.4,3.8,232,7.1,32,331,0
2017,1,3,7.7,11,3.6,0,1.3,1.7,4.4,242,8.2,42,331,0
2017,1,4,7.3,11.3,2.7,0,3.3,1.9,4.8,2,8,242,3,0
2017,1,5,6.5,8.8,4.6,0,3.1,2.8,6.1,42,11,42,42,0
2017,1,6,5.1,9.7,0.4,0,6.8,1.4,2.9,41,6.2,441,41,0
2017,1,7,3.7,8.9,-1.3,0,7.8,1.3,3.1,42,4.5,42,331,0
2017,1,8,4.8,6,3,23,0,0.8,2.9,141,5.2,141,141,0
2017,1,9,7.9,10.2,5.4,0.5,2.4,2,5.6,2,9.8,2,2,0
2017,1,10,8.5,12.2,6.2,0,6.7,2.6,4.5,242,9.7,2,2,0
2017,1,11,5.5,8.5,3.4,0,5.9,2.9,6.7,242,11.6,2,242,0
2017,1,12,5.1,8,1.4,0,4.6,3.1,6.5,2,11.5,2,232,0
2017,1,13,4.8,7.9,2.8,0,6.4,4.5,7.4,242,12.5,242,232,0
2017,1,14,1.4,4.3,-2.2,0,5.2,6.6,11.2,2,17.6,2,2,0
2017,1,15,-0.2,2.8,-2.7,3,2.8,3.5,7.2,2,13.1,2,2,0
2017,1,16,1.7,4.2,-0.5,9.5,6.2,2.9,7.4,242,13,2,2,1
2017,1,17,3.6,7,1.1,1,3.5,2.2,6.4,2,9.2,2,2,0
2017,1,18,3.5,8.9,-1,0,9.1,1.1,2.2,242,4.3,442,31,1
2017,1,19,4.2,8.1,0,0,3.3,1.2,3,442,6.4,442,331,0
2017,1,20,2.7,8,-1.6,1.5,2.2,2.2,6.8,232,11.9,32,232,1
2017,1,21,3.5,6.8,1.2,2,5.8,2.5,5.9,242,10.4,242,2,0
2017,1,22,2.9,7.2,-0.1,0,5,2.1,6.9,242,11.2,242,2,0
2017,1,23,0.5,2.6,-0.2,1.5,0.1,2.2,4.7,2,7.4,2,232,1
2017,1,24,1.1,4.6,-0.9,0,5.2,3,5.9,2,10.9,242,2,0
2017,1,25,1.8,5.4,-0.4,0,2.8,1.3,4,242,6.9,2,331,0
2017,1,26,2.2,8.1,-1.8,0,9.6,1.3,2.9,242,5.4,242,331,0
2017,1,27,4.3,11.6,-1.3,0,3.3,1.3,4.8,232,9.4,2,331,0
2017,1,28,4.8,11.3,0.4,0,9.5,1.4,2.9,41,5.6,41,331,0
2017,1,29,3.7,6.9,-0.5,15.5,3.4,1,2.3,242,4.2,2,331,0
2017,1,30,6.9,10.8,2.9,3.5,1.6,2.9,9.9,242,16.4,242,242,0
2017,1,31,3,4.8,1.3,0,1.2,1.8,4.8,42,8.6,42,42,0
2017,2,1,3,6.4,-1.1,0,2.7,2.5,7.3,2,11.5,2,331,0
2017,2,2,3.7,6.3,0.7,0.5,3,2.2,5.6,242,10.1,242,242,0
2017,2,3,5.7,9.8,1.4,0,6.8,2.2,5.3,42,8.9,42,232,0
2017,2,4,5.3,12.4,0.2,0,9.8,1.3,4.1,2,6.5,42,331,0
2017,2,5,4.7,8.8,1.9,15.5,0,0.8,3.9,442,6.4,4,41,0
2017,2,6,5.9,9.4,2.4,3.5,4.7,3.6,9.7,2,16.2,2,2,0
2017,2,7,2.8,4.1,0.5,1,1.1,3.3,5.6,2,10,242,2,0
2017,2,8,3.5,5.5,1.7,0,0.2,2.1,6.2,2,9.3,2,2,0
2017,2,9,2.3,4.3,0.6,6,0,1.2,4.8,232,9.7,232,31,1
2017,2,10,1.7,4.5,-1,5.5,1.6,3.2,7.5,2,12.5,2,2,1
2017,2,11,1.2,4.4,-1.8,0.5,4.8,2.7,7.4,2,12.7,2,232,0
2017,2,12,1.9,5.9,-0.3,0,3.8,1.9,5.3,242,8.6,42,332,1
2017,2,13,2.3,7,-0.8,0,3.7,1.3,3.4,41,6.4,2,32,0
2017,2,14,2.7,6.5,-0.4,0,2,1.4,4.6,242,8.6,441,242,0
2017,2,15,4.2,8.4,0.5,0,3.1,1.9,4.5,242,7.6,242,331,0
2017,2,16,5.3,13.6,-1.2,0,9.4,1.1,2.8,2,6.7,32,331,0
2017,2,17,6.3,9.3,3.3,1.5,0.3,1.1,3.8,41,7.4,41,41,0
2017,2,18,6.1,9.8,2.7,1,2.8,1.9,8.9,242,16.2,2,2,0
2017,2,19,4.1,9.4,0.6,0,7,1.7,4.1,42,7.9,4,42,0
2017,2,20,6,11.9,2.4,14.5,0.3,2.2,8,242,14.3,242,242,0
2017,2,21,2.6,4.2,0.5,0.5,0.5,4,9.5,242,15.5,242,242,0
2017,2,22,4.3,8.1,-0.9,0.5,6,1.3,3,42,4.4,42,42,0
2017,2,23,8.1,11.2,5.8,12,0,1.6,5.7,242,8.8,242,42,0
2017,2,24,3.9,7.5,0,0,4.5,2.3,4.8,442,9.7,442,442,0
2017,2,25,4.5,9.1,-0.4,0,6,1.3,4,2,8.1,32,331,0
2017,2,26,6.2,11.9,0.6,0,6.9,1.5,2.9,4,6.3,2,331,0
2017,2,27,5,10.5,0.3,0,10.5,1.8,3.9,41,6.8,441,441,0
2017,2,28,3.7,9.8,-1.2,0,7.1,1.6,3,41,5.6,4,331,0
2017,3,1,4.5,10.2,-1.1,2,5.1,1.3,3.2,242,4.6,242,331,0
2017,3,2,7.8,11.1,5.6,3.5,2.4,1.6,3.8,2,6.8,32,41,0
2017,3,3,6.6,9.7,1.5,1.5,4.1,3,6.7,242,11.6,242,242,0
2017,3,4,5.5,13.9,0.3,0,8.6,1.4,3.2,42,5,42,331,0
2017,3,5,7.4,13.9,1,0,6.4,1.2,3.1,242,5.2,242,242,0
2017,3,6,8.6,13,6,0,0.2,1.3,4.4,242,8.4,4,2,0
2017,3,7,5,7.9,1.1,0,4.7,4.4,9.3,242,16.2,242,2,0
2017,3,8,3.7,8.4,0.1,0,5.5,2.3,5.1,2,12.1,2,232,0
2017,3,9,5.2,8.9,0.4,0,5,2.3,4.6,232,9.9,32,232,0
2017,3,10,6,9.8,2.4,0,2.7,2.7,6.4,242,10.3,242,242,0
2017,3,11,5.4,10.1,2.1,0,3.3,1.6,5,42,9.7,42,331,0
2017,3,12,5.8,13.3,-0.1,0,10,1.5,3.8,42,5.1,242,331,0
2017,3,13,8.5,14.9,3.3,0,4.3,1.4,3.4,331,6.7,331,331,0
2017,3,14,7.7,11.2,4.5,0,2.1,2.7,7.1,242,11.9,242,42,0
2017,3,15,5.7,9,2.9,3,2.5,2.9,6.4,42,15.5,2,2,1
2017,3,16,6.9,10.9,3.6,0.5,6.8,2.2,4.4,42,7.5,42,242,0
2017,3,17,6.5,11.7,2.3,0,6.2,2,5,2,9.9,4,331,0
2017,3,18,6.9,13.3,1.3,0,4.9,1.4,2.4,42,4.8,242,331,0
2017,3,19,9.1,16.4,2.7,0,8.7,1.5,3.8,442,8.1,442,3,0
2017,3,20,10.3,16.3,3.2,0,8.4,1.5,3.5,41,6.9,41,331,0
2017,3,21,8.3,11.1,7.1,33.5,0.1,1.7,4.7,242,8.5,42,42,0
2017,3,22,7.9,12.1,3.7,0,4.3,2.8,5.7,42,11.8,42,42,0
2017,3,23,8.1,13,3.3,0,2.4,1.5,3.6,242,6.3,41,441,0
2017,3,24,7,11.1,4.2,0,7,2.5,5.8,42,11,441,42,0
2017,3,25,6.8,11.6,1.3,0,8,1.7,4.2,42,6.5,42,331,0
2017,3,26,8,11.5,5.8,8.5,0.2,1.3,3.2,42,5.7,42,41,0
2017,3,27,7.5,11.2,3.1,0,7.6,2.7,6.6,42,10.9,42,42,0
2017,3,28,7.5,13.5,1.6,0,7.5,1.8,5,2,10.9,2,331,0
2017,3,29,9.2,15.5,2.9,0,7.8,1.6,4,2,7.5,2,331,0
2017,3,30,11.8,17,7.6,0,7.3,1.5,3.7,41,7.8,4,442,0
2017,3,31,6.7,9.6,5.4,13.5,0,1.5,3.3,41,7.1,4,141,0
2017,4,1,7.6,12.8,3.6,3,5.7,1.4,3.3,4,8.1,441,331,0
2017,4,2,7.6,15.7,1.4,0,12,1.7,4.3,41,9,441,331,0
2017,4,3,10.1,17,2.1,0,10.1,2.4,6.2,242,10.4,32,331,0
2017,4,4,12.6,19.9,7.4,0,11.5,1.6,4.3,242,7.2,242,331,0
2017,4,5,12.9,19.3,5.6,0,5.4,1.3,4.1,2,7.6,242,2,0
2017,4,6,14.6,20.8,8.8,2.5,1.7,1.2,5.7,31,9.5,131,331,0
2017,4,7,14.8,17.6,13.4,11.5,0.1,1,2.8,42,5.3,442,42,0
2017,4,8,16.9,19.4,14.5,8.5,0,0.9,4.5,32,8.1,32,242,0
2017,4,9,14.5,18.3,10.2,12.5,1.8,2.1,4.8,42,8.9,4,442,0
2017,4,10,10.9,14,5.7,0,1.7,2.4,5.4,1,10.7,31,1,0
2017,4,11,11.5,13,9.8,21,0,3.2,8,1,14.6,141,1,0
2017,4,12,11.5,13.9,5.8,0,1.7,2.9,6,42,10.7,42,42,0
2017,4,13,10.8,17.7,4.1,0,9.4,1.7,3.6,1,8,242,331,0
2017,4,14,13.8,23,5.1,0,11.4,1.7,3.6,232,7.9,332,3,0
2017,4,15,16.8,21.7,12.6,2,5.4,2,5.2,242,10.6,2,232,0
2017,4,16,17.3,25.6,10.7,0,10,1.4,3.1,2,6.2,2,31,0
2017,4,17,15.9,19.3,13.1,39,0.6,1.2,3.6,1,5.5,1,42,0
2017,4,18,16.5,19.7,10.7,5.5,1.9,2.3,5,242,10.5,3,2,0
2017,4,19,14.2,19.6,10.2,0,6.5,2.4,5.3,42,9.8,4,42,0
2017,4,20,13.5,19.3,7.8,0,5.7,1.3,2.5,242,5.1,232,331,0
2017,4,21,14.7,19.9,11.2,0,2.7,1.1,2.7,42,5,4,242,0
2017,4,22,13.6,19,8.3,0,10.7,2.1,4.7,41,8.8,41,41,0
2017,4,23,12.3,19.7,5.6,0,12.9,2,4.4,141,7.3,141,331,0
2017,4,24,14.4,22.4,6.4,0,10,2.3,6,31,10,131,131,0
2017,4,25,17.1,22.6,12.5,0,5.3,2,4.8,131,9,31,131,0
2017,4,26,14.5,16,13,13,0,1,4,32,8.6,32,331,1
2017,4,27,13.7,18.3,9,1.5,8.6,1.8,4.6,42,7.7,242,441,0
2017,4,28,14.2,20.9,6.2,0,11.7,1.8,4.7,2,8.5,32,331,0
2017,4,29,14.1,21.9,9.7,0.5,7.1,1.7,7.8,242,12.6,242,331,0
2017,4,30,17.1,26,7.9,0,12.3,2,5,232,10.1,332,32,0
2017,5,1,17.4,23,12.4,0,7.4,2,4.8,242,9.1,4,442,0
2017,5,2,15,21.9,7.8,0,12.4,1.9,4.1,42,7.5,42,331,0
2017,5,3,16.9,23.2,11.1,0,4.4,1.9,5.7,131,9.3,131,131,0
2017,5,4,17.9,23.2,12.2,0,6.9,2.5,6.1,131,10.7,1,131,0
2017,5,5,20.7,27.1,15.2,0,11.6,1.8,4.4,232,8.4,32,32,0
2017,5,6,18.8,23.1,14.9,0,0.7,1.5,3.6,2,8.2,242,331,0
2017,5,7,19.3,25.3,14.1,0,11.5,2.2,6.2,2,11.2,332,232,0
2017,5,8,20,27.1,12,0,11.9,1.7,3.8,2,7.5,2,331,0
2017,5,9,17.5,23.4,14.1,4.5,0,1.3,3,32,7.4,32,331,0
2017,5,10,16.3,19.2,14.1,10,0.2,1.7,3.4,41,6.4,42,4,0
2017,5,11,20.2,25.1,16.1,0,8,2,4.6,2,8.5,32,232,0
2017,5,12,20.2,25.1,14.7,0,5.2,1.2,3.6,42,5.3,441,42,0
2017,5,13,17,19,15,53.5,0,1.4,4.2,141,8,41,4,0
2017,5,14,20.9,26.8,15.8,0,8.4,1.6,3.5,232,8,32,3,0
2017,5,15,19.5,25.2,15.2,0,4.1,2,4.5,141,9.5,32,3,0
2017,5,16,16.8,20.8,12.2,0,2.9,1.2,2.2,242,3.9,42,331,0
2017,5,17,17.2,24,11.1,0,6.4,1.4,3.3,141,6.8,41,131,0
2017,5,18,18.2,25.8,11,0,13.4,1.6,3.5,41,7.2,41,331,0
2017,5,19,20.4,28.9,11.1,0,13.5,1.6,3.4,2,6.2,3,331,0
2017,5,20,22.7,30.7,14.3,0,13.1,1.5,3.5,31,5.9,2,331,0
2017,5,21,23.1,30.4,16.9,0,11,1.5,2.7,42,4.7,3,42,0
2017,5,22,23.8,30,18.6,0,12.6,1.8,3.9,32,7.5,232,331,0
2017,5,23,22.7,29.3,17,0,9.2,1.7,3.9,232,7.9,32,331,0
2017,5,24,20.5,23.1,18.5,4.5,0,1.2,2.7,42,4.8,131,331,0
2017,5,25,20.2,23.8,18,18,1.1,1,2.4,242,4.1,331,331,0
2017,5,26,21.1,28.7,17.3,0,6.4,2.1,5.8,141,9.9,141,1,0
2017,5,27,18.7,24.1,14.2,0,9.9,2.4,4.8,41,8.7,41,2,0
2017,5,28,18.7,25.7,12.1,0,11.2,1.7,3.2,2,5.5,141,331,0
2017,5,29,21.8,29.6,13.5,0,11.9,1.6,3.2,232,7.4,232,331,0
2017,5,30,24.1,30.5,17.6,0,9.4,1.5,3,2,5.2,2,42,0
2017,5,31,23.3,29.4,20,1.5,4.7,1.5,3.9,331,8.8,31,42,0
2017,6,1,22.8,28.5,16.8,23.5,6.6,1.8,8.3,2,14.4,2,2,0
2017,6,2,19,23.7,16.1,2,8,3.4,6.8,242,12.4,242,242,0
2017,6,3,18.3,23.3,14.4,0,11.3,2.8,4.8,2,7.6,41,2,0
2017,6,4,18.4,24.3,12.8,0,13.8,1.8,3.8,41,8,141,331,0
2017,6,5,18.5,25.3,11,0,13.6,2,4.8,41,8.7,441,331,0
2017,6,6,20,26,12.6,0,9.3,1.8,4.5,131,7.7,31,42,0
2017,6,7,19.1,20.6,17.4,27.5,0,0.9,3.3,1,5.6,1,1,0
2017,6,8,19,22.4,15.8,1.5,0.9,1.4,3.3,41,5.9,41,41,0
2017,6,9,21.7,29.4,14.3,0,11.3,1.4,2.6,242,4.8,332,331,0
2017,6,10,22.4,29.2,18.2,0,11.2,2.5,4.8,1,8.9,1,1,0
2017,6,11,19.8,25.7,14.8,0,5.3,1.7,3.6,42,6.7,1,141,0
2017,6,12,18,23.4,13.3,0,6.6,2.2,5.3,42,9.9,42,42,0
2017,6,13,18.2,24.2,12.2,0,10.6,2,4.3,141,6.9,141,331,0
2017,6,14,20.1,27.8,13.4,0,13.8,1.6,3.4,4,6.6,4,331,0
2017,6,15,22.3,30.3,14.2,0,11.5,1.6,3.2,2,7.6,3,331,0
2017,6,16,21.9,26.8,17.6,0,11.2,2.2,5.4,1,8.8,1,441,0
2017,6,17,21.3,27.5,14.3,0,11.4,2.2,4.6,42,7.7,42,42,0
2017,6,18,22.5,26.4,19.7,0,1.8,1.4,3.6,42,6.8,242,42,0
2017,6,19,24.6,32.5,17.8,0,13.7,1.7,3.7,141,7.1,441,31,0
2017,6,20,23.2,29.4,17.6,0,5.1,1.6,3.8,1,6.4,331,31,0
2017,6,21,20.5,24.5,17.8,78,0.6,2.2,5,2,8.7,32,41,0
2017,6,22,22.4,26.6,19.2,0,3.3,1.7,4.1,2,7,2,2,0
2017,6,23,24.2,29.7,18.1,0,11.3,1.6,4,42,6.1,42,331,0
2017,6,24,24.8,29.6,20.5,1.5,7.8,1.7,4.1,131,7.7,331,331,0
2017,6,25,22.1,24.1,20.1,13,0,1.2,3,141,5.1,41,441,0
2017,6,26,23.3,28.2,19.6,0,5.7,1.5,3.1,1,5.2,131,41,0
2017,6,27,23.3,27,20.3,0,1.3,1.3,3.3,42,4.8,42,42,0
2017,6,28,23.7,27.9,21.5,8.5,3.2,0.9,3,42,4.3,42,31,0
2017,6,29,24.7,28.4,21.4,2.5,0.6,1.1,2.5,2,4.8,2,331,0
2017,6,30,24.1,29.4,21.5,45,2,1,2.9,232,6.7,32,31,0
2017,7,1,27.3,31.9,23.7,7.5,5.7,2.4,6.8,32,15,232,232,0
2017,7,2,26.6,32.6,24.1,24.5,3.5,1.5,5,442,9.3,4,32,0
2017,7,3,27.9,32.5,23.4,0,8.4,1.9,5.6,232,11.6,232,232,0
2017,7,4,26.8,30.6,24.2,11.5,0.1,2,5.1,2,8.9,232,232,0
2017,7,5,24.1,26.1,21.7,22,0,1.2,3.8,232,7.4,32,331,0
2017,7,6,25.1,30.1,20.7,0,9.2,1.4,3.4,2,5.6,442,331,0
2017,7,7,26,32,22.5,0,6.3,1.3,3.2,2,6,232,331,0
2017,7,8,27.3,33.4,23.1,0,8.2,1.4,5,131,9.7,1,331,0
2017,7,9,25.4,28.6,23.1,6,0,1.2,4,232,8.6,32,42,0
2017,7,10,26.4,31.3,23.1,0.5,4.6,1.4,3.7,1,6.1,131,331,0
2017,7,11,28.4,33.9,23.6,0,10.2,1.6,4.1,2,8.3,232,42,0
2017,7,12,28,32.9,25.2,2,2.3,1.3,3.8,242,5.6,2,331,0
2017,7,13,28.5,32.9,24.6,0,5.2,1.4,3.6,1,6.3,1,331,0
2017,7,14,27.7,31.2,25.3,0,3.1,1.4,4,31,8.2,131,31,0
2017,7,15,29,34.3,24.8,0,9.1,1.3,3.1,2,6.7,331,3,0
2017,7,16,26.9,33.9,23.9,28,3.3,1.6,3.8,4,8.8,4,31,0
2017,7,17,26.3,31.7,23.4,17,2.1,1.6,3.5,31,7.4,331,331,0
2017,7,18,26,30.5,23,13.5,5.6,1.5,4.3,2,8,2,331,0
2017,7,19,27.5,32.6,23.9,0,8.2,1.6,4.7,1,8.4,1,31,0
2017,7,20,28.5,33.4,24.1,0,11.4,2.5,5.4,1,9.5,1,131,0
2017,7,21,28.5,32.9,25.6,0,6,2.5,5.2,1,9.2,141,1,0
2017,7,22,28.9,34.6,24.8,0.5,9.6,1.8,4,42,6,42,42,0
2017,7,23,28.3,31.2,26,0,0.4,1.6,3.8,32,6.8,232,232,0
2017,7,24,28.6,32.5,25,0,2.2,1.7,3.5,2,7,232,3,0
2017,7,25,28.1,30.3,26.6,1,0,1.2,2.3,32,5.4,232,332,0
2017,7,26,27.8,32.6,25.3,2,5.1,1.4,4,141,7.5,1,1,1
2017,7,27,27.2,31.2,25.4,0,0.6,1.8,4.1,1,7.3,1,141,1
2017,7,28,27.5,33.4,25,0.5,2.9,1.2,3.3,2,6.2,442,331,0
2017,7,29,28.3,32.5,26,0,1.9,1.6,3.7,141,6.4,141,1,0
2017,7,30,27.5,31.4,24.8,19,2.9,1.4,3.3,42,5.4,4,1,0
2017,7,31,28.8,34.1,25.5,3,6.1,1.3,3.5,1,6.7,242,331,0
2017,8,1,28.2,32.4,24.6,6.5,7.2,1.5,4.3,42,9.7,2,441,0
2017,8,2,27.5,33.3,23.5,0,8.2,2,5.2,31,12.1,31,1,0
2017,8,3,26.9,31.2,24.3,0,2.3,2.5,5.1,131,8.9,1,141,0
2017,8,4,28,31.9,25.8,0,1.4,2.6,4.5,1,7.8,1,1,0
2017,8,5,29.1,33.8,26.1,0,3.4,1.9,3.9,42,7.6,4,1,0
2017,8,6,29.2,34.5,25.4,0,8.7,2,4.7,131,8.1,131,42,0
2017,8,7,26.3,28.6,25.3,71,0,3.7,7.2,232,16.1,232,41,0
2017,8,8,27.1,30.6,25.1,2,4.3,3.8,8.1,232,17.7,2,2,1
2017,8,9,28.7,33.6,25,0,9.9,1.8,3.2,242,6.6,242,2,0
2017,8,10,29,34.5,25.9,6,4.1,1.7,6.1,2,12,2,32,0
2017,8,11,28.4,34,25.1,0,5.4,1.1,3.7,42,5.8,242,4,0
2017,8,12,27.2,30.8,23.1,0,3.9,1.8,4.5,42,7.4,42,442,0
2017,8,13,26.1,31.4,21.5,0,8.1,1.7,3.6,42,5.6,42,331,1
2017,8,14,26.1,31.3,22.4,0,2.3,1.4,3.4,41,5.4,141,331,0
2017,8,15,23.8,25.9,22.3,24.5,0,1.1,2.5,42,4.5,4,441,0
2017,8,16,26.2,30.8,23.8,0,2.3,1.2,3.9,42,6.1,42,1,0
2017,8,17,27.3,33.1,23.3,0,4,1.3,3.2,42,6,442,42,1
2017,8,18,27.1,32.8,23.5,42.5,4.5,1.4,3.6,442,7,442,3,0
2017,8,19,27.3,33.2,22.9,0,8.9,1.5,3.8,141,6.4,41,31,0
2017,8,20,27.7,32.7,22.8,0,10.8,1.6,3.5,42,6.8,242,42,0
2017,8,21,29.1,34.9,24.6,0,10,1.5,3.6,2,6,2,331,0
2017,8,22,28.7,33.2,25.7,0,2.9,1.5,4.3,32,8.4,32,232,0
2017,8,23,28.3,32.5,24.9,0,2.8,1.4,3.3,42,6,242,331,0
2017,8,24,30.5,35.7,25.8,0,10.7,1.9,3.6,232,8.5,32,331,0
2017,8,25,30,34.8,27.8,0,3.1,2,4.2,232,10.3,32,232,0
2017,8,26,26.5,30.5,21.9,1,2.8,1.6,4.8,141,8.8,41,331,0
2017,8,27,26.1,32.4,20.2,0,11.9,1.9,3.8,1,7.7,1,331,0
2017,8,28,27.2,31.7,23.8,0,1.2,1.3,3.2,131,5.7,141,131,0
2017,8,29,29.2,34.5,24.7,0,8.4,1.6,3.6,2,6.7,2,331,0
2017,8,30,26.5,30.9,22.1,0,4.4,1.7,3.3,4,7.6,4,141,0
2017,8,31,24.9,31.1,20.2,0,10.4,1.9,5,42,8.9,42,331,1
2017,9,1,24.4,30.7,17.9,0,11.6,2.2,5.4,41,9.9,41,331,0
2017,9,2,24,28.7,19.1,0,9.2,2.1,4.2,42,8.2,442,331,0
2017,9,3,23.5,29.1,18.4,0,10.1,1.9,4.1,42,8.5,4,4,0
2017,9,4,21.8,27.1,17.8,0,3.2,1.4,2.9,42,4.6,442,331,0
2017,9,5,22.4,28.1,17.3,8.5,5.1,1.4,3,42,5.3,42,331,0
2017,9,6,23.3,26.1,20.5,2,0,1,2,42,4.5,442,41,0
2017,9,7,24.9,28.1,22.8,27.5,0.2,1.1,3.1,232,8.3,32,232,0
2017,9,8,24.7,29.6,19.7,1,11,1.7,4.1,41,8.4,141,441,0
2017,9,9,23.7,29.9,17.6,0,10.5,1.6,4.7,31,7.6,31,331,0
2017,9,10,25.1,29.7,21.1,0,5.5,1.3,3.8,42,5.8,42,42,0
2017,9,11,24.8,28.9,21.1,0,0.8,1.6,5.1,31,9.7,31,31,0
2017,9,12,23.5,27.3,21.7,34,0.8,1.1,3.4,1,7.5,4,331,0
2017,9,13,24,29.6,19.8,0,8,1.5,2.8,42,5.5,4,331,0
2017,9,14,22.7,28.5,18.5,0,6.5,1.8,4.8,41,8.2,41,331,0
2017,9,15,20.9,25.3,16.3,0,4.4,1.4,3.7,141,7.2,441,331,0
2017,9,16,19.4,20.5,18.4,21.5,0,2.1,4.6,141,9.1,41,41,0
2017,9,17,22.8,25.4,19.8,13,0,4.1,8.5,1,15.9,31,1,1
2017,9,18,23.2,27.6,19.8,0,6.4,2.9,7,2,14,32,2,0
2017,9,19,22.8,28.1,18,0,7.8,1.7,5,32,9.9,332,331,0
2017,9,20,23,26.3,20.1,1,0.4,2,5.5,242,14.7,242,32,0
2017,9,21,21.7,27.2,17.5,0,8.7,1.6,3.5,41,6.5,441,2,0
2017,9,22,19.4,22,15.7,5,0.7,1.2,3.5,141,6,1,41,0
2017,9,23,21.9,26.5,18.9,2,2.8,0.9,2.7,41,5,41,31,0
2017,9,24,21,25.7,17,0,7.4,1.3,2.7,42,4.3,42,331,0
2017,9,25,21.2,27,16.3,0,11.4,1.5,3.3,42,5.4,42,331,0
2017,9,26,22.4,28.7,16.9,0,10.5,1.5,3.7,42,5.7,42,331,0
2017,9,27,22.9,27.7,19.9,1,2,1.8,4.8,31,9.2,331,131,0
2017,9,28,21.1,24,15.9,8,1.5,1.6,5.4,42,10.6,42,4,1
2017,9,29,19.8,25.9,14,0,9.3,1.7,3.6,242,7.3,232,331,0
2017,9,30,19.8,26,15,0,8.7,1.7,4.5,42,8,42,331,0
2017,10,1,19.2,26.3,12.3,0,5.8,1.8,4.9,1,8,1,331,0
2017,10,2,20.4,21.5,19.1,37.5,0,0.9,2.2,441,4.5,4,4,0
2017,10,3,21,24.7,18.7,7,2.7,1.5,5.5,42,10.1,42,42,0
2017,10,4,17.5,21.8,12.5,0,4.2,2.4,4.7,42,9.3,42,442,0
2017,10,5,17.4,22.3,11.6,0,5.5,1.7,4.3,131,8,131,331,0
2017,10,6,16.8,19,14,38.5,0,2.4,5.4,41,9.2,1,141,0
2017,10,7,19.3,22.2,17,14,0.4,0.9,2,242,3.7,42,42,0
2017,10,8,21.2,26.4,16.8,0,8.2,1.2,3.3,42,4.6,42,42,0
2017,10,9,22.1,28.2,18.5,0,6.2,1,2.5,42,3.8,242,331,0
2017,10,10,22.6,27.6,18.9,0,6.4,1.1,2.8,141,5.4,4,31,0
2017,10,11,22.9,29.1,17.9,0,9.1,1.2,2.4,3,5.6,331,331,0
2017,10,12,20.4,22.3,18.1,0,0,1.5,4.5,141,7.3,1,1,0
2017,10,13,17.2,18.2,16.1,1.5,0,1.3,3.2,141,5.6,141,1,0
2017,10,14,18.4,21.3,16.3,0.5,0.4,0.8,2.1,242,3.2,242,31,0
2017,10,15,16.7,18.3,15.2,13.5,0,0.8,2.1,141,4.5,41,331,0
2017,10,16,15.1,15.8,14.2,27.5,0,1.2,2.8,141,5,41,1,0
2017,10,17,14.6,16.7,12.6,11,0,0.9,1.8,331,3.8,441,3,0
2017,10,18,15.1,19.7,10.8,0.5,4.1,1.5,3.2,141,6.4,141,41,0
2017,10,19,14.1,15.5,12.1,26.5,0.1,1.7,4.1,41,7.2,41,41,0
2017,10,20,16.5,18.4,14.5,3.5,0,0.9,1.7,1,3.2,141,1,1
2017,10,21,16.6,17.4,15.8,21.5,0,0.8,2.5,1,4.2,1,1,1
2017,10,22,17.1,17.9,16.1,170,0,2.4,5.5,41,11.5,441,41,1
2017,10,23,15.5,18.1,13.6,11,2.8,4.8,9.8,442,21,42,242,1
2017,10,24,12.8,15.5,11.1,9.5,0.7,0.9,2.4,1,3.7,1,331,1
2017,10,25,14.5,19,11.2,17,2.2,1.3,3.9,442,7.9,441,331,0
2017,10,26,14.3,20.6,9.7,0,10.1,1.4,3.3,42,5.4,4,331,0
2017,10,27,15.5,21.4,10.5,0,7.1,1.4,3.8,131,7.3,31,242,0
2017,10,28,15.7,17.1,14.7,15,0,1.7,4,41,6.7,41,41,0
2017,10,29,16.6,18.6,14.8,46,0,2.5,6.3,41,12.7,41,41,0
2017,10,30,13.3,17.7,8.2,0,0.8,3.5,6,442,16.4,42,42,1
2017,10,31,11.5,17.5,7.3,0,10,1.6,2.8,2,5.2,232,331,0
2017,11,1,11.3,19.3,4.9,0,10,1.4,2.6,2,4.1,2,331,0
2017,11,2,12.5,20.3,6.9,0,10,1.3,2.3,42,3.6,3,331,0
2017,11,3,15.2,21.5,8.8,0,8.9,1.2,2.7,2,4.3,232,331,0
2017,11,4,14.3,18.8,10.8,0,3.4,2.3,6.8,242,12.3,242,2,0
2017,11,5,11.5,16.6,7.1,0,8.2,1.9,5.3,2,8.9,2,331,0
2017,11,6,12,20,5.2,0,9.8,1.2,2.1,42,4.4,332,331,0
2017,11,7,14.3,20.2,9.3,0,3.2,0.9,2.3,242,3.7,3,331,0
2017,11,8,15.8,17.2,14.6,3,0,0.9,3.7,2,5.7,2,332,0
2017,11,9,14.3,17.1,8.5,0,4,2.7,5.5,42,10,42,42,0
2017,11,10,11.3,18.6,5.3,0,9.8,1.3,2.4,3,4.8,3,331,0
2017,11,11,12.9,17.5,10.5,4.5,3.2,2.8,7.4,242,13.1,42,242,0
2017,11,12,10.5,14.3,6,0,2.4,1.7,3.7,42,7,42,331,0
2017,11,13,9.9,17.2,3.7,0,9.4,1.3,2.7,42,4.4,42,331,0
2017,11,14,10.9,12.9,8.3,16,0,0.8,3,242,5.1,242,3,0
2017,11,15,12,16.8,7.7,0,6.1,1.9,4.9,2,9.7,2,232,0
2017,11,16,9.5,10.9,7.5,0,3.8,3.2,6.4,2,10,2,2,0
2017,11,17,8.7,13.6,3.7,0,8.6,1.4,4,242,6.3,242,331,0
2017,11,18,8.8,11.5,6.5,12,0,1.1,3.9,41,7.8,41,41,0
2017,11,19,6.9,10.3,4.7,0,5.3,3.2,7.3,2,11.8,242,2,0
2017,11,20,7,9.9,4.3,0,1.9,2.1,5.4,2,9.6,2,232,0
2017,11,21,6,10.6,2.2,0,4.5,1.6,4.4,242,7.5,2,331,0
2017,11,22,6.8,11.9,0.7,0.5,3.2,0.9,2,242,4.2,442,331,0
2017,11,23,9.4,12.8,6.2,6,7,3.4,9,242,15.6,242,242,0
2017,11,24,7.4,11,2.8,0,6.9,3,5.9,232,12.5,32,232,0
2017,11,25,7.4,11.8,3.3,0,7.4,1.7,4.9,2,8.4,232,2,0
2017,11,26,7.4,11.1,2,0,2.3,0.8,2,242,3,331,242,0
2017,11,27,9.9,14.9,5.9,0,8.8,1.1,2.8,442,4.4,42,331,0
2017,11,28,8.8,14,3.4,0,9.3,1.1,3,42,4.5,42,331,0
2017,11,29,10.4,11.9,8,0,0,0.6,1.7,42,2.9,3,3,0
2017,11,30,12.2,15.6,9.7,0,1,1.8,5.1,2,9.9,2,242,0
2017,12,1,8.5,11.2,5.9,0,2.1,2.2,5.5,242,8.6,2,242,0
2017,12,2,7.2,11.4,3.8,0,7.4,1.7,4,2,5.8,242,331,0
2017,12,3,6.6,11.7,3.1,0,9,1.3,2.8,42,5.1,42,331,0
2017,12,4,6.4,10.6,1.6,0,2.3,1.1,2.3,2,4.4,32,331,0
2017,12,5,6,8.5,2.7,0,6.9,3.2,7.3,2,13.7,2,232,1
2017,12,6,4.6,9.5,1.2,0,7.6,2.4,5.5,242,8.7,2,242,0
2017,12,7,5.9,11.1,1.2,0,8.1,1.4,3.2,32,6.1,32,331,0
2017,12,8,5.4,8.3,3.1,1.5,0,2.1,8.9,2,13.8,2,2,1
2017,12,9,4.4,9,0.4,0,4.2,1.8,4.8,2,7.7,2,331,0
2017,12,10,6.3,12.2,0.6,0,4.7,0.9,2.2,32,4.7,3,3,0
2017,12,11,7.7,11.2,2.6,0,5.8,3.7,7,2,14,232,232,0
2017,12,12,3,5.7,0.7,0,7.7,4,8.3,2,13.9,2,232,0
2017,12,13,2.9,6.8,-0.2,0,3.9,2.6,6.5,2,10.1,242,2,0
2017,12,14,3.4,5.8,1.3,1,2.8,1.7,4.4,2,7.4,2,2,0
2017,12,15,4.8,9.2,2.4,0,7.1,1.3,2.7,42,4.1,42,331,0
2017,12,16,6.6,10.1,3.5,0,2.2,2.1,6.4,242,12.5,242,2,0
2017,12,17,3.3,5.9,1.3,0,3.9,3.9,8.2,242,14.2,242,2,0
2017,12,18,4.2,8.3,-0.6,0,9,2.2,4.1,232,8,32,232,0
2017,12,19,5.2,10,2,0,6.1,3,7,242,12,242,242,0
2017,12,20,4,9.7,-0.3,0,8.9,1.3,3,242,5.7,331,331,0
2017,12,21,3.8,8.9,0.6,0,7.8,1.5,3,42,5.4,441,331,0
2017,12,22,4.1,10.7,-1.3,0,8.9,1.2,2.9,232,6.4,2,331,0
2017,12,23,6.1,11.8,1.1,0,6,1.4,3.7,232,7,232,331,0
2017,12,24,6.2,10.8,1.4,22.5,2.3,1,2.9,242,6.1,242,242,0
2017,12,25,7.7,11.8,4.7,0.5,2.4,3.8,7.4,242,12.1,2,2,0
2017,12,26,4.9,7.5,2.5,0,4.3,3.2,5.5,2,10.3,2,2,0
2017,12,27,3,3.9,2,0.5,2.1,4.7,6.9,2,13.4,2,2,0
2017,12,28,4,6.6,1.4,0,3.9,2.1,4.4,242,9.2,2,2,0
2017,12,29,5.4,7.1,3.5,0,0.2,2.5,4.4,2,8.5,32,2,0
2017,12,30,5.5,8.8,1.5,0,3.8,2.3,4.9,42,8.1,42,242,0
2017,12,31,4.3,7.8,1.1,0,0.4,0.9,2.6,2,4.7,2,242,0
